# Bulgakov on Викитека, drafted by tools/wikisource_author.py and gone over by hand.
# Columns: slug, Wikisource page, author, title, category, blurb.
#
# The @ marks the draft put on every page with a subpage have been taken off.
# Wikisource's EPUB export already follows a work's chapter subpages — that is
# how Белая гвардия came in with its nineteen chapters — and most of those
# subpages were a /ДО edition in the old orthography rather than chapters.
# @ is for the other kind: an index whose members are separate pages. Записки
# юного врача is the one here, and its seven stories are commented out below
# so the cycle arrives as one book rather than as seven fragments and a shell.
#
# Blurbs are written only where they can be written truthfully; the rest are
# left blank on purpose and are easier to write from the imported text.
#
#   python3 tools/add_wikisource.py --list tools/bulgakov.tsv
#

dyavoliada	Дьяволиада (Булгаков)	Булгаков М.А.	Дьяволиада	Novellas	A clerk at the Match Supply Depot is sacked over a misread signature, and chases the official who signed it through a Moscow that will not hold still.
rokovye-yaytsa	Роковые яйца (Булгаков)	Булгаков М.А.	Роковые яйца	Novellas	A zoologist finds a ray that makes living things grow at monstrous speed, and a state farm takes it away from him to save the country's chickens.
zapiski-yunogo-vracha	@Записки юного врача (Булгаков)	Булгаков М.А.	Записки юного врача	Short Stories	A doctor of twenty-three, a month out of university, is sent alone to a country hospital forty versts from the railway and learns his trade on whoever is carried through the door.
morfiy	Морфий (Булгаков)	Булгаков М.А.	Морфий	Novellas	The notebooks of a young country doctor who began with a quarter-syringe against a pain in the stomach, left to the colleague who reads them after his death.
zapiski-na-manzhetakh	Записки на манжетах (Булгаков)	Булгаков М.А.	Записки на манжетах	Novellas	Cuffs written on in the Caucasus and in Moscow: a writer with typhus, no money and no papers, talking his way from one office to the next.
taynomu-drugu	Тайному другу (Булгаков)	Булгаков М.А.	Тайному другу	Novellas	An unfinished letter to a friend about how he came to write, and the first form of what later became Театральный роман.
khanskiy-ogon	Ханский огонь (Булгаков)	Булгаков М.А.	Ханский огонь	Short Stories	A count's house, now a museum, is shown to day trippers by the old servant who stayed with it, and one visitor in dark glasses knows the rooms too well.
pokhozhdeniya-chichikova	Похождения Чичикова (Булгаков)	Булгаков М.А.	Похождения Чичикова	Short Stories	Gogol's Chichikov wakes up in Soviet Moscow, registers himself as a citizen, and finds the new institutions even easier to rob than the old.
krasnaya-korona	Красная корона (Булгаков)	Булгаков М.А.	Красная корона	Short Stories	From a room he is not allowed to leave, a man writes to his mother about the brother he watched ride away and did not call back.
dom-elpit-rabkommuna	№ 13. Дом Эльпит-Рабкоммуна (Булгаков)	Булгаков М.А.	№ 13. Дом Эльпит-Рабкоммуна	Short Stories	A grand Moscow apartment house, requisitioned and packed to the attics, burns down because no one is permitted to light a stove.
kitayskaya-istoriya	Китайская история (Булгаков)	Булгаков М.А.	Китайская история	Short Stories	A Chinese man alone in Moscow with no language, no papers and no bread is taken in by a machine-gun detachment.
nalyot	Налёт (Булгаков)	Булгаков М.А.	Налёт	Short Stories	Two sentries on a railway line in the freezing dark, and the raid that comes for them.
ya-ubil	Я убил (Булгаков)	Булгаков М.А.	Я убил	Short Stories	At the end of an evening among doctors, one of them answers the question of whether he has ever killed a man.
psalom	Псалом (Булгаков)	Булгаков М.А.	Псалом	Short Stories	
samogonnoe-ozero	Самогонное озеро (Булгаков)	Булгаков М.А.	Самогонное озеро	Short Stories	
bogema	Богема (Булгаков)	Булгаков М.А.	Богема	Short Stories	How the author got through the winter of 1920 in Vladikavkaz by writing a revolutionary play in three days.
v-noch-na-3-e-chislo	В ночь на 3-е число (Булгаков)	Булгаков М.А.	В ночь на 3-е число	Short Stories	A night in Kiev as the city changes hands, taken from a novel he never finished.
neobyknovennye-priklyucheniya-doktora	Необыкновенные приключения доктора (Булгаков)	Булгаков М.А.	Необыкновенные приключения доктора	Short Stories	A doctor's civil-war notebook in fragments: mobilised, sent south, and moved about the country by other people's armies.
kiev-gorod	Киев-город (Булгаков)	Булгаков М.А.	Киев-город	Short Stories	A native's sketch of Kiev after the civil war — its hills and churches, its wrecked bridges, and a city that changed hands more times than anyone could count.
gryadushchie-perspektivy	Грядущие перспективы (Булгаков)	Булгаков М.А.	Грядущие перспективы	Short Stories	An article written from the White south in 1919: the war will be paid for, and the bill will fall on the people who did not start it.
arifmetika	Арифметика (Булгаков)	Булгаков М.А.	Арифметика	Short Stories	
biblifetchik	Библифетчик (Булгаков)	Булгаков М.А.	Библифетчик	Short Stories	
byl-may	Был май (Булгаков)	Булгаков М.А.	Был май	Short Stories	
v-kafe	В кафе (Булгаков)	Булгаков М.А.	В кафе	Short Stories	
v-teatre-zimina	В театре Зимина (Булгаков)	Булгаков М.А.	В театре Зимина	Short Stories	
voda-zhizni	Вода жизни (Булгаков)	Булгаков М.А.	Вода жизни	Short Stories	
vospalenie-mozgov	Воспаление мозгов (Булгаков)	Булгаков М.А.	Воспаление мозгов	Short Stories	
vospominanie	Воспоминание… (Булгаков)	Булгаков М.А.	Воспоминание…	Short Stories	
egipetskaya-mumiya	Египетская мумия (Булгаков)	Булгаков М.А.	Египетская мумия	Short Stories	
zolotye-korrespondentsii	Золотые корреспонденции Ферапонта Ферапонтовича Капорцева (Булгаков)	Булгаков М.А.	Золотые корреспонденции Ферапонта Ферапонтовича Капорцева	Short Stories	
kak-on-soshyol-s-uma	Как он сошёл с ума (Булгаков)	Булгаков М.А.	Как он сошёл с ума	Short Stories	
kaenpe-i-kape	Каэнпе и капе (Булгаков)	Булгаков М.А.	Каэнпе и капе	Short Stories	
letuchiy-gollandets	Летучий голландец (Булгаков)	Булгаков М.А.	Летучий голландец	Short Stories	
noyabrya-7-go-dnya	Ноября 7-го дня (Булгаков)	Булгаков М.А.	Ноября 7-го дня	Short Stories	
osteregaytes-poddelok	Остерегайтесь подделок! (Булгаков)	Булгаков М.А.	Остерегайтесь подделок!	Short Stories	
parshivyy-tip	Паршивый тип (Булгаков)	Булгаков М.А.	Паршивый тип	Short Stories	
ploshchad-na-kolyosakh	Площадь на колёсах (Булгаков)	Булгаков М.А.	Площадь на колёсах	Short Stories	
povestka-s-gosudarem-imperatorom	Повестка с государем императором (Булгаков)	Булгаков М.А.	Повестка с государем императором	Short Stories	
prazdnik-s-sifilisom	Праздник с сифилисом (Булгаков)	Булгаков М.А.	Праздник с сифилисом	Short Stories	
ptitsy-v-mansarde	Птицы в мансарде (Булгаков)	Булгаков М.А.	Птицы в мансарде	Short Stories	
rabochiy-gorod-sad	Рабочий город-сад (Булгаков)	Булгаков М.А.	Рабочий город-сад	Short Stories	
razvratnik	Развратник (Булгаков)	Булгаков М.А.	Развратник	Short Stories	
revizor-s-vyshibaniem	Ревизор с вышибанием (Булгаков)	Булгаков М.А.	Ревизор с вышибанием	Short Stories	
samotsvetnyy-byt	Самоцветный быт (Булгаков)	Булгаков М.А.	Самоцветный быт	Short Stories	
sovetskaya-inkvizitsiya	Советская инквизиция (Булгаков)	Булгаков М.А.	Советская инквизиция	Short Stories	
chetyre-portreta	Четыре портрета (Булгаков)	Булгаков М.А.	Четыре портрета	Short Stories	
#
# Already on the shelf:
#   Белая гвардия, Собачье сердце, Мастер и Маргарита
#
# The seven stories of Записки юного врача. They come in with the cycle above;
# uncomment them only if that import fails or arrives empty.
#   polotentse-s-petukhom	Полотенце с петухом (Булгаков)	Булгаков М.А.	Полотенце с петухом	Short Stories	
#   kreshchenie-povorotom	Крещение поворотом (Булгаков)	Булгаков М.А.	Крещение поворотом	Short Stories	
#   stalnoe-gorlo	Стальное горло (Булгаков)	Булгаков М.А.	Стальное горло	Short Stories	
#   vyuga	Вьюга (Булгаков)	Булгаков М.А.	Вьюга	Short Stories	
#   tma-egipetskaya	Тьма египетская (Булгаков)	Булгаков М.А.	Тьма египетская	Short Stories	
#   propavshiy-glaz	Пропавший глаз (Булгаков)	Булгаков М.А.	Пропавший глаз	Short Stories	
#   zvyozdnaya-syp	Звёздная сыпь (Булгаков)	Булгаков М.А.	Звёздная сыпь	Short Stories	
#
# Dropped: the page titled plainly «Булгаков», which is not a work of his.
#
# Also linked from his author page, and worth a look before the next run:
#   «Заметки и миниатюры (сборник)» — an index of the short pieces. If its
#   contents match the feuilletons above, one collection would read better
#   than two dozen entries of four hundred words each.
