0	FZIBSklax1Q	Последние Танки в Париже	Закрой глаза
1	WifWf-qqW_g	Дарья Чеботарева	Молитва		check: may be a cover — find the original artist
2	kELvzq5anXU	Чайф	Никто не услышит (Ой-йо)	Дарья Чеботарева
3	-QY-wM4QBfo	Аквариум	Voulez-Vous Coucher Avec Moi
4	OOzkEbWEZFc	Аквариум	Стаканы
5	_yEV0PopWqY	Антиреспект	Тишины хочу
6	I8T8FYIiPLM	Михаил Круг	Золотые купола	Release
7	K4yyeFeGShs	Noize MC	Вояджер-1	etreamoi
8	xDzeXN_v0S0	SKIP	cover of Стрыкало — Бесполезно; the original is also in the playlist
9	bU5eC9Ikyrk	Последние Танки в Париже	Если начнется дождь
10	5a4ADLZrEU0	Михаил Круг	Владимирский централ
11	h74Xajf-dOI	Би-2	Компромисс
12	kvnqdgHFr6U	Вася Обломов	Магадан
13	-UUX7DfUjK0	Гарик Кричевский	Мой номер 245
14	LTm5cRByQ_Q	SKIP	acoustic version of MORGENSHTERN — Красный флаг; the original is also in the playlist
15	x7ukeZTaLJc	Король и Шут	Проклятый старый дом
16	eGLeyoovppU	Ольга Арефьева и Ковчег	На хрена нам война
17	xtxjm7ciwmc	Кино	Группа крови
18	62B815W-JUI	Свидетельство о смерти	Привет
19	LUxKVjQPuXE	Бутырка	А для вас я никто
20	7L4D1-78bu4	Александр Розенбаум	Утиная охота
21	4qcPopWKJlQ	Найк Борзов	Лошадка
22	q3b5xL0CMHo	SKIP	Океан Ельзи — Обійми: Ukrainian, not Russian
23	DiDUIfMk7go	Кино	Спокойная ночь
24	OpVVLZ0px08	MORGENSHTERN	Пустой вокзал
25	go7_y20BE_M	Смысловые галлюцинации	Вечно молодой
26	yyKDv27S4-c	MORGENSHTERN	Антидепрессанты
27	iXk8QXhr7Fk	Кино	Кукушка
28	ijhFTntVRfE	SKIP	Дарья Чеботарева cover of ДДТ — Это всё; the original is also in the playlist
29	GYuRtnNBiJc	Бонд с кнопкой	Кухни
30	KUFUZdr04tU	SKIP	Дарья Чеботарева cover of ДДТ — В последнюю осень; ДДТ's own is also in the playlist
31	-tw31zd7nYE	ДДТ	Летели облака	Дарья Чеботарева
32	YCis_RECJ40	Монеточка	Птичка
33	-6QQSRSqiqw	Гречка	Когда ты уедешь		check: title read from a transliterated upload
34	AqfwEGUuvrA	Гражданская оборона	Вечная весна		check: uploaded as Егор и Опизденевшие — which band to list it under
35	cpf6SiuJ40g	Земфира	Жди меня
36	C_NrFagsUYU	Дельфин	Весна
37	vIGF-sTBsHU	Веня Д'ркин	Нибелунг	Сергей «CMak»
38	azaZxIFDdLo	sbp4	Свет		check: artist name as on the upload
39	CMU7_d6xSqQ	Анжелика Варум	Городок
40	Rjna9pKVr94	АукцЫон	Падал
41	Pw5G-qQyi9w	Молчат Дома	Тоска
42	s1ATTIQrmIQ	Молчат Дома	Судно (Борис Рыжий)
43	STj74_KH5Hw	Веня Д'ркин	Бесимся
44	6B9NRwG3Bk0	Найк Борзов	Последняя песня
45	Lmc4cgcDsx4	Мёртвые дельфины	На моей луне
46	ZDnKx9qTJ6w	Свидетельство о смерти	Петля
47	M7gcsw13R6s	Сплин	Алкоголь
48	vjZD3hQcPr0	Бумбокс	Та4то
49	kLiGvnFohXg	SKIP	cover of Агата Кристи — Как на войне; the original is also in the playlist
50	Uzbs59oISEM	Король и Шут	Прыгну со скалы
51	iz6S2a94Gy4	Земфира	Хочешь?
52	flDBN0RPoOM	Lumen	Гореть	Юлия Кошкина
53	ETW4lsJTgbM	Антиреспект	Тишина
54	i8XuYUj7zSw	Макс Корж	Пьяный дождь	Лера Яскевич
55	xMlcKvDWUDk	Александр Розенбаум	Зойка	Михаил Шуфутинский
56	foYONxHs0Ho	Михаил Шуфутинский	Таганка		check: a traditional prison song — list under Шуфутинский or as народная
57	fB60qciZP_E	Валентин Стрыкало	Ты не такая
58	ryWtOu454VE	Валентин Стрыкало	Знаешь, Таня
59	e8mLnAVQ9mY	Валентин Стрыкало	92
60	yB0Vue-Axag	Каста	Скрепы
61	Z9kapje036U	Моя Мишель	Ветер меняет направление
62	YMBm_Tzmz6U	Моя Мишель	Зима в сердце		check: may be a cover
63	ak0l_3alF98	Аквариум	25 к 10
64	uKRq5DAf09Y	Валерий Меладзе	Я не могу без тебя
65	PlNydEOQ_S0	Plague Doctor	Фенибут (старая версия)		check: artist as on the upload; a different Фенибут by нексюша is also in the playlist
66	pbnGMgMGtMQ	Валерий Меладзе	Салют, Вера!
67	6R55hCfHT_k	Кино	Муравейник
68	KJDcZmVg1fA	Noize MC	Светлая полоса
69	bpy9IRVTF3E	LASKX3I	Против царя		check: artist as on the upload
70	l7dogXP9Lmc	Noize MC	Люди с автоматами		check: uploaded by Swanky Tunes — collaboration?
71	W_Liuf9bH-8	ДДТ	Не стреляй!
72	mMEMTgLJRJg	Татьяна и Сергей Никитины	За городом
73	He1fA2oCuRs	Noize MC	Кооператив «Лебединое озеро»
74	AIUupWgR8Oo	Ольга Арефьева и Ковчег	У попа была собака
75	9P6jHTTp2E8	Аквариум	Поезд в огне
76	itU-wzlCyC4	AiRushV	И солнце взойдёт		check: may be a cover — find the original artist
77	YUBxGI1986Q	Верка Сердючка	Дольче Габбана
78	ZuX7MvH9vKc	Алексей Брянцев	Заходи ко мне во сне
79	B8m86hfPles	Краски	Он не знает ничего
80	A-V18SAGWI4	Би-2	Летний гром
81	oh5cfrdNQLw	Иванушки International	Тучи
82	7ywHScm4Di0	СТОПТАЙМ	Тоска
83	v2B7YcEi8Lk	Монеточка	Монополия
84	_SuuCHs2xcw	Иванушки International	Тополиный пух
85	w7GTLIhNO1g	Кино	Пачка сигарет
86	6bAxlPa-Y_8	МакSим	Знаешь ли ты
87	A9ByKnHSIp8	Ласковый май	Белые розы
88	LJjEEu7nWX4	Ленинград	Вояж
89	QezsN37a_U0	Hi-Fi	Средняя школа №7
90	0QiyeAgUTN4	Порнофильмы	Я так соскучился
91	zz2jWQfPiq4	Паша Техник	На надо		check: title as on the upload
92	C6ZVtJcAxdM	SKIP	fan video edit (multifandom), not the song's own recording
93	HB4P8rmXCQ0	Bad Balance	Светлая музыка
94	MSic4CnUyKQ	С.Т.Д.К.	Вот лето пролетело	Artem Panin	check: who recorded the original
95	N6--RyhnE3o	Гречка	Мама, прости
96	QTui6EHinCI	Noize MC	Не все дома
97	iyOZzhZWQ9s	SKIP	Юля Кошкина cover of Аквариум — Поезд в огне; the original is also in the playlist
98	blbLHtTTzmM	Крематорий	Мусорный ветер
99	m_awhO8m9fE	Noize MC	Песня для радио
100	V693KjMG1u8	СТОПТАЙМ	Человек
101	lOJjDtMSOO0	Bad Balance	Город джунглей
102	qyrDASgwAI8	Монеточка	Каждый раз
103	OtVnegmBHA0	MORGENSHTERN	Дом (Лондон, Прага, Ницца)
104	2BdJ8piaEkA	Король и Шут	Лесник
105	5mEMmCeAVGw	Валентин Стрыкало	Улица Сталеваров
106	Y05VPckiAfU	Верка Сердючка	Всё будет хорошо
107	bfZf07vi7sc	Lumen	Между строчек
108	FuDYpVEl-OA	SKIP	cover of Ласковый май — Розовый вечер; the original is also in the playlist
109	1JRXZP4BYiU	SKIP	acoustic version of Михаил Круг — Фраер; the original is also in the playlist
110	LTbkASq1DG8	Конец солнечных дней	Дети немой страны
111	1vsasjfnX3A	Машина времени	Поворот
112	1M_k7b1cAxM	Черниковская хата	Ты не верь слезам
113	j4Np5w5V6PA	Каста	Радиосигналы
114	TQK5Jk1LWzQ	SKIP	medley of five songs in one video
115	M-oVpuHIBcY	7Б	Молодые ветра
116	sd-mwqiL5vs	Моя Мишель	Иногда
117	5KC-iscJtsI	ДДТ	Что такое осень
118	LlzOTNQrRlc	Михаил Шуфутинский	3-е сентября
119	HjEG-r-h22E	Михаил Круг	Магадан
120	UYrO_kWdi_k	Валентин Стрыкало	Гори
121	Bu-Fk4jbXxA	Черниковская хата	Белая ночь
122	K_tUpttdxTM	Порнофильмы	Это пройдёт
123	OombzOY4-NU	SKIP	second upload of t.A.T.u. — Я сошла с ума
124	gWq3Y0Wwtqg	Сплин	Передайте это Гарри Поттеру	Саша Капустина
125	tKmYSYeULos	Михаил Круг	Фраер
126	1pfz5nqQ6h4	Монеточка	Последняя дискотека
127	Mj0mgOuxpn8	Вася Обломов	Теперь далеко отсюда
128	G745JBxCtNw	SKIP	Von Wegen Lisbeth — Meine Kneipe: German, not Russian
129	8hMi0JETYw4	Юрий Шевчук	Похороны войны
130	9K8LYQTKMEw	Юрий Шевчук	В гостях у «генерала»
131	EDk7JTBeMIY	Муся Тотибадзе	Останусь с тобой
132	Ju1A-r3nyDk	Код Поэзии	Она сидела у окна		check: a poem by Алквиад set to music — artist as on the upload
133	qXBORMBTfDs	Ария	Беспечный ангел
134	Uv1IsniJ0MQ	Альянс	На заре	Юлия Кошкина и Ксюша Зануда
135	94ZACZNll1E	Моя Мишель	Настя
136	x-oi88yz5bs	Кино	Я хочу быть кочегаром		check: the song is usually called «Кочегар»
137	bC4peUTwISw	SKIP	Release cover of Кино — Муравейник; the original is also in the playlist
138	rgOcyn2J6gw	Последние Танки в Париже	Глаза ментов
139	0VHZN6g8etQ	Аквариум	Никита Рязанский
140	cWE5oNDA-TQ	Иванушки International	Реви
141	5YVd8Be2Ov8	Макс Корж	Слово пацана
142	VMajWBk8Hzs	МакSим	Ветром стать
143	8L9twaOEYhY	Кино	Кончится лето
144	yntRHKkkWic	MORGENSHTERN	Красный флаг
145	_3pH746ukno	Михаил Круг	Жиган-лимон
146	FohjpcU4zFs	Бумер	Не плачь
147	22oKIUR5vuk	Аквариум	Гарсон №2
148	VWW5y2aghpQ	SKIP	Михаил Круг — Купола: same song as Золотые купола
149	1-U_cbzlCu4	Черниковская хата	Спектакль окончен
150	WU6oLNdF5wA	просто Лера	Оставь меня одну
151	rTqxxfwQdWo	sbp4	Злой		check: artist name as on the upload
152	WlncVRY9EsU	Anacondaz	Твоему новому парню
153	hehuARhsTFc	SKIP	guitar cover of Кино — Кончится лето; the original is also in the playlist
154	NI66kJeHFZ0	SKIP	Юля Кошкина cover of Константин Никольский — Мой друг художник и поэт; the original is also in the playlist
155	i5a79iK0Mj4	Гости из будущего	Беги от меня
156	faOXYhqiluc	Сектор Газа	Пора домой
157	c9vBCl0nRU0	Сектор Газа	Туман
158	N0I2aPjAD6w	Сектор Газа	Бомж
159	QbHjm0nnT_U	Сергей Трофимов	Город Сочи
160	5RdWuD-ue-4	Браво	Ветер знает
161	3g3dkXfO2q4	Юрий Визбор	Перевал	Евгения Виноградова
162	_ZoRfHzIlm0	Аквариум	10 стрел
163	4GwRzx85EaA	Аквариум	Сестра
164	uXdG_ZIy25c	ДДТ	Просвистела
165	VAyJPrK6WQ8	ДДТ	Метель
166	3Vp2vEwWxJY	ДДТ	Жизнь красивая
167	j5kRRHSdzYw	ДДТ	Ты не один
168	o21YLdIvlUs	Сплин	Выхода нет
169	QPo4YOo3q5I	Игорь Тальков	Я вернусь
170	sHsIkTuTOVc	Алексей Брянцев	Как будто мы с тобой
171	Z4jQ4hZfk00	Кино	Звезда по имени Солнце
172	sKMccxgUD9s	SKIP	second upload of Черниковская хата — Белая ночь
173	w2WVQKZHLl4	Рождество	Так хочется жить
174	d1mnTJ6nPuk	МакSим	Мой рай
175	3eU5V5hyCHg	Сплин	Орбит без сахара
176	yUp01GbQxTw	Король и Шут	Кукла колдуна
177	sGg1Q1KEQgc	Звери	До скорой встречи!
178	lulVPmcNCzI	ApSent	Можно я с тобой
179	Bm5O3gQwhk0	Алла Пугачёва	Осенний поцелуй
180	hVnOwFVnzyY	Комиссар	Ты уйдёшь
181	lZk62ZMPr9E	Юрий Шевчук	Капитан Колесников
182	X1wa3vlZvLw	Михаил Круг	Кольщик
183	8Qt7W7pIjBE	Валерий Меладзе	Красиво
184	5qsjsrgbTzM	Nensi	Дым сигарет с ментолом
185	p9cB-UorGwM	Ленинград	Экспонат
186	rMterfjhCmA	Михаил Круг	Девочка-пай
187	aeGdhFHFj8Q	Валентин Стрыкало	Наше лето
188	ihOxsYme6pk	Би-2	Полковнику никто не пишет
189	cagPYtTKZiY	SKIP	Radiohead — Creep translated into Russian: not a Russian song
190	kVzOdvuyVjU	Машина времени	Марионетки
191	lDdagDSVYSY	Машина времени	За тех, кто в море
192	1UWcGGuDNyg	Ундервуд	Старый корабль	Богдан Гиена
193	gQc9HrcPXjQ	Ундервуд	Гагарин, я вас любила
194	GeXXBAJWucI	Сектор Газа	Лирика
195	90h9GM5I0Vs	SKIP	live version of Машина времени — Марионетки
196	WHWISzZgkao	Верка Сердючка	Гулянка
197	KR9R7uhyK1s	Фабрика	Не родись красивой
198	eV7Spwn37Vc	Valeriya Bearwolf	Феникс		check: may be a cover — find the original artist
199	1jjgPE8nA58	Юрий Шевчук	Разговор на войне
200	OaXj5OMqYtE	Пропаганда	Мелом
201	kQAc295Rq2s	Руки Вверх	Крошка моя
202	WKL8bymQd8A	Муся Тотибадзе	Танцуй, Виталик!
203	TAbS41KKNko	Мумий Тролль	Владивосток 2000
204	hAeR68Zdzxg	Агата Кристи	Для никого
205	pZeK-Z-w1Ko	Муся Тотибадзе	Правда о любви
206	ZI3sxjb4g00	Чиж & Co	Фантом
207	WWGq-wlTLnk	Кипелов	Я свободен
208	eN_YiZ4uBe8	Земфира	Искала
209	8sz2kxRxfzM	Сплин	Моё сердце
210	_Yq2QAhLt_w	Валентин Стрыкало	Всё решено
211	v6_pETSyZtM	Бутырка	Аттестат
212	ZrkeVbvBVz4	Бутырка	Не трогай осень
213	nKp0NyvhWrI	Макс Корж	Жить в кайф
214	SIjGAzFOPTg	Кино	Закрой за мной дверь, я ухожу
215	UF7YyN81EUI	Ласковый май	Седая ночь
216	whnrk2qs6SA	Макс Корж	Небо поможет нам
217	PgYrf8C_C2U	Noize MC	Страна дождей
218	de6QR_37Y5I	Noize MC	Никто не пострадал
219	w9m8R4EVNfM	Ночные снайперы	Секунду назад
220	RbrkbUv66xk	Ляпис Трубецкой	Капитал
221	SvmqZiTes90	Браво	Этот город
222	gJVN0gyQGAc	Xalxuri	Ты только маме, что я в Чечне, не говори		check: may be a cover — find the original artist
223	TB5MfV4Qd6Y	Noize MC	Обломки чувств
224	dh9452ojGm0	Алла Пугачёва	Позови меня с собой
225	gDlC0BNW-W8	Михаил Круг	Приходите в мой дом
226	bsKh5Co5bCc	Гражданская оборона	Всё идёт по плану
227	WIvj2AhC9Sk	Гражданская оборона	Моя оборона
228	OkudWs_OR4k	Гражданская оборона	Русское поле экспериментов
229	kfgvsMl-VKs	Ploho Ploho	Я буду жить для тебя		check: artist as on the upload; may be a cover
230	i8ag45PE7NE	Владимир Высоцкий	Утренняя гимнастика
231	c7OaEroQ4qc	Владимир Высоцкий	Ноль семь
232	u0Ro98l4D4A	Владимир Высоцкий	Она была в Париже
233	SsG6kb4m5Uc	Три дня дождя	Прощание
234	IeYxMTVL74Y	Три дня дождя	Отпускай
235	6FlcinSqhl4	Жанна Фриске	Где-то летом	etreamoi
236	aprBxAmak24	SKIP	live version of ДДТ — Просвистела
237	O_Nbiu8VMAs	ДДТ	Ветер	Дарья Чеботарева
238	_dHIfbZ-1zM	Ляпис Трубецкой	В платье белом
239	d-iiIzio_7g	Валентин Стрыкало	Кладбище самолётов
240	6h1d0K7MIxY	Ирина Аллегрова	Незаконченный роман
241	Wc1sWBXl4x8	ДДТ	Это всё
242	U1tYJ9rLR9k	Бутырка	Запахло весной
243	UK8g-fnuJC4	Вася Обломов	Живи
244	GbdVRw_mWlY	Монеточка	Это было в России
245	RxIS4x58rhU	Кино	Красно-жёлтые дни	Дарья Чеботарева
246	sVdSlwKSUXY	SKIP	second upload of Высоцкий — Она была в Париже
247	9Te33x5dlRA	Гражданская оборона	Солдатами не рождаются
248	-vdfEZwPd3M	Кино	Хочу перемен
249	O4mqDmDc4aQ	Ирина Аллегрова	Младший лейтенант
250	VbWTOLNqtyY	Сектор Газа	Демобилизация
251	kosQgK18rmI	Владимир Высоцкий	Песня о друге
252	g63x8EpTY3k	MORGENSHTERN	Цветок
253	UAUVpKnFbAo	Натали	Ветер с моря дул
254	ACn3qHPP7lA	Ирина Аллегрова	Угонщица
255	Pw2vmMNkf40	Кино	Печаль
256	Ry7itx9Uvp4	Noize MC	Вселенная бесконечна?
257	2ZS0Ke6O0lY	SKIP	live version of Машина времени — За тех, кто в море
258	e8J15cWYfzU	Монеточка	Нимфоманка
259	K38LU_6Ayy8	Вирус	В стиле диско
260	q-SEQUb6pak	Гражданская оборона	Всё как у людей	Noize MC
261	6gr1GdrU2BI	Аквариум	Человек из Кемерова
262	crhhkg7vHoM	Сплин	Линия жизни
263	7jLnjf-bKUA	Мурат Насыров	Я это ты
264	ae9pE0zaOBY	Машина времени	Костёр
265	EFD5cdTkeIg	Noize MC	Устрой дестрой
266	ELgQo2fp9K4	SKIP	Release cover of Noize MC — Страна дождей; the original is also in the playlist
267	PE1htuAFVlI	Бутырка	Шарик
268	pLI54N-NOEs	Би-2	Варвара
269	HguuWBjGbQo	ДДТ	Дождь	Дарья Чеботарева
270	11ymi0FmBUw	Руки Вверх	Ай-яй-яй
271	4owHHfZBsyI	Наутилус Помпилиус	Крылья
272	dQvwQCLoi54	Божья коровка	Гранитный камушек
273	tjlnUlPLqx8	Монеточка	Гори гори гори
274	S6dZzZH6zAw	SKIP	second upload of ДДТ — Метель
275	ULpHo5UEm94	Найк Борзов	Верхом на звезде
276	uaK6Xm3_6VI	Мумий Тролль	Дельфины
277	uE8U4GPTLvs	VALMAK	Падал белый снег		check: may be a cover — find the original artist
278	oNA42lMzVKU	Монеточка	Падать в грязь
279	iftZddRnbJo	Монеточка	Папина любовница
280	BwvL7uuzk8k	Xolidayboy	Мармеладный дом
281	KA3Jb6eA0uo	t.A.T.u.	Нас не догонят
282	DFLmmtyB0N4	t.A.T.u.	Мальчик-гей
283	dauqJKm5AL0	t.A.T.u.	Я сошла с ума
284	R56Aa-LE6dM	Муся Тотибадзе	Кто остановит этот дождь		check: may be a cover — find the original artist
285	99zti50ujnQ	SKIP	Release cover of Машина времени — Костёр; the original is also in the playlist
286	UKfQTQvmQ2s	Татьяна Буланова	Ясный мой свет
287	9zVftkF5YT0	sbp4	У нас есть всё		check: artist name as on the upload
288	8z-nf2rBvK8	sbp4	Провал		check: artist name as on the upload
289	8_c7hgznQ5o	StaFFорд63	Просто так
290	fT8ElbZTGdg	Полина Гагарина	Спектакль окончен
291	-umhaWJhh1g	Земфира	Ариведерчи
292	FypH_UrpMSU	Монеточка	Выше крыш
293	WPFkE9KvVJw	Монеточка	Переживу
294	gqXde_na_YA	Земфира	П.М.М.Л.
295	1jGBCLzrWfc	Иванушки International	Снегири
296	ieti-xVM9tA	Би-2	Лайки
297	HXq74ofFGQs	Последние Танки в Париже	В нирване
298	ay_TrdhqARM	Последние Танки в Париже	Трава-любовь
299	4fiISUzpFDc	Аквариум	Серебро Господа моего
300	1MrGLxgyfpY	Аквариум	Не пей вина, Гертруда
301	lluIQebmAMM	Руки Вверх	Он тебя целует
302	xlL-j0AqT8s	Би-2	Молитва
303	1p6lbNBhCPE	Сергей Наговицын	Городские встречи
304	cWMtNLqvEHs	Ирина Круг	Тебе, моя последняя любовь
305	saCI8cqo2pY	Владимир Высоцкий	Дом хрустальный
306	bPGkvhSQGOY	Сплин	Романс
307	jtr2q0GRDGA	Би-2	Мой рок-н-ролл
308	b1UazcUQEPI	SKIP	second upload of Михаил Круг — Приходите в мой дом
309	dkIREU964J8	Андрей Губин	Девушки как звёзды
310	GMHdFXq9hUU	Noize MC	Из окна
311	6xmhHWpJUFg	Женя Трофимов	Поезда
312	BwRyNJqbpK8	Артур Пирожков	Плачь, детка!
313	zgIqj56QTLY	Бутырка	Девчонка с центра
314	bJFMeF9m8tA	SKIP	dombra cover of Кино — Кукушка; the original is also in the playlist
315	jGzthyk3S0k	Жанна Фриске	Ла-ла-ла
316	f2-vZyWW_gc	Света	Ты не мой
317	FWsBbEOOx1c	Чиж & Co	О любви
318	RYP5BRZgWT4	SKIP	Баста cover of Альянс — На заре; another cover is also in the playlist
319	7JzrzdPyN0M	Валерий Петряев	Афган
320	oag3PXsNv2M	Бутырка	Не плачь, родная мать
321	IbjN8M9UYu4	Зоя Ященко и Белая гвардия	Генералы гражданской войны
322	nEynSehso50	SKIP	remix of Верка Сердючка — Гулянка; the original is also in the playlist
323	OG2nbuCLuGk	ДДТ	Я получил эту роль
324	k5Em18GBYns	Любэ	Давай за...
325	gWyoJYF6EBo	Вячеслав Константинов	Афганистан (Пришёл приказ)
326	DkLebiJ07ds	Release	Господь нас уважает		check: Release mostly records covers — find the original artist
327	b2QRfAsrwMc	Любэ	Ты неси меня, река (Краса)
328	hhDgvskY79o	ДДТ	Ночь Людмила
329	cLQ2KA_dKfM	SLAVA MARLOW	Снова я напиваюсь
330	bS3njE7zHC0	SLAVA MARLOW	Ты горишь как огонь
331	TnkgDFVvbIo	Асия	Ну чё ты такой хороший?
332	FBaujj4i8gM	Две тысячи ярдов	Верните в моду любовь
333	3gpK0DTbzk8	Михаил Шуфутинский	Наколочка
334	iOBk-AzQYDM	Дюна	Афганские пески		check: uploaded by Светлана Рябинина — original artist or performer
335	wKEjqf3Mnlc	Ирина Аллегрова	Привет, Андрей
336	sf5IoANFQU8	Маша и медведи	Любочка
337	jtWjLqVMTyc	Дарья Чеботарева	Маргарита		check: may be a cover — find the original artist
338	sy2Ao0AYmZg	SKIP	Release cover of Михаил Круг — Магадан; the original is also in the playlist
339	iPIiMvyO-SQ	Земляне	Трава у дома
340	YEq6UGVP83Q	Plenka 1987	Где кончается шум		check: artist as on the upload
341	jyltLufdv1M	SKIP	live version of Машина времени — Костёр
342	skBH7RVr_40	SKIP	Алёна Швец cover of t.A.T.u. — Нас не догонят; the original is also in the playlist
343	pP-lKjkbJGY	SKIP	live version of Земфира — Искала
344	TVW2KZlxvWI	Король и Шут	Танец злобного гения
345	kfv1i_ynfVE	Сплин	Я был влюблён в вас
346	l0DMA_A6pD0	SKIP	live version of Би-2 — Компромисс
347	AbsrRTsjZKU	Лолита	На Титанике
348	kwOG9ZlTBiY	SKIP	live version of Noize MC — Люди с автоматами
349	VLhQqm8gShU	SKIP	second upload of Вечная весна
350	U0Vo2pIe2CY	Земфира	Прости меня, моя любовь
351	7u94eWTKxKQ	SKIP	joint live performance of several songs
352	gfUB27urC8w	SKIP	Кино — Пачка сигарет sung in English
353	hVXL3C15Q2w	ДДТ	Пацаны
354	tmHbRNCwSa8	АукцЫон	Дорога
355	e-i-AzX1tes	Ласковый май	Розовый вечер
356	3sNdqNJnhhM	Король и Шут	Воспоминания о былой любви
357	A0sVcvVr7SY	Андрей Губин	Ночь
358	RI0w6EUfebE	Дарья Чеботарева	Не со мной		check: may be a cover — find the original artist
359	RuhAz83lamg	Абрикоса	Влюбилась в друга
360	CJfr_3ZzFGI	Алёна Швец	Портвейн
361	OxY_3UtKK2A	Valeriya Bearwolf	Валькирия		check: may be a cover — find the original artist
362	0gpZRqdrZAw	Ленинград	Кабриолет
363	qUnF9oPMFSU	Ленинград	В Питере — пить
364	lmUBELCNNv8	Ленинград	Сиськи
365	4p6bMg_TcVg	Мой двор	Маме не говори		check: artist as on the upload
366	xYw32lKEzlA	ДДТ	В последнюю осень
367	wU9m1IeLKl0	Лицей	Осень
368	6t-KYEwL8E8	Женя Трофимов	Все они о тебе
369	kN-IOsafZ6s	Ляпис Трубецкой	Воины света
370	xTsH-EytBUw	Жуки	Батарейка	Release
371	Hi4eUJwvOy0	Моя Мишель	Пташка
372	tTR4-_DaE5E	Зоя Ященко и Белая гвардия	Ах, боже мой
373	F91v9djqoRc	Наутилус Помпилиус	Прогулки по воде
374	RIFokHSOCDs	Наутилус Помпилиус	Дыхание
375	Eqe6cmZsbt0	Любэ	Позови меня тихо по имени
376	OLRLj5KiX4k	Здравствуй, песня	Синий, синий иней
377	uXErrj9Gizk	Алихан Амхадов	Милые зелёные глаза		check: may be a cover — find the original artist
378	k5g3oK7DYp4	Мой двор	Здравствуй, мама		check: artist as on the upload
379	hqKkbDwYvjw	просто Лера	Инопланетяне
380	gnPG5_C_BiU	Блестящие	А я всё летала
381	cnWZ7im-6Hw	Фабрика	Про любовь
382	Oo2VqW4zamE	Наутилус Помпилиус	Зверь
383	Ghz5xkPD_nA	Кристина Орбакайте	Пьяная вишня
384	R6JsNEKvfuU	Григорий Лепс	Рюмка водки на столе
385	Vl8qDC3i3jY	Григорий Лепс и Ирина Аллегрова	Я тебе не верю
386	5N8aXRbkipY	Григорий Лепс	Самый лучший день
387	ruBsGe2HLmQ	SKIP	Океан Ельзи — На небі: Ukrainian, not Russian
388	hLPe_jGmxq0	SKIP	Океан Ельзи — На небі: Ukrainian, not Russian
389	ZcPnL5eJJns	Валерий Меладзе	Девушки из высшего общества
390	JOZeAOk0c4Q	2Маши	Мама, я танцую
391	ZKGc1tqo9LQ	Челленджер	Ты футбольный хулиган	BUINAGOLOVUSHKA	check: original artist name
392	FLJ_PQ5_lTg	Артур Пирожков	Алкоголичка
393	6XWkuDwRJ48	SKIP	balalaika cover of Михаил Круг — Владимирский централ
394	eBXJyiTHPE0	Константин Никольский	Мой друг художник и поэт
395	KdqzgAKoHTU	Валентин Стрыкало	Бесполезно
396	e4q35OeSpEU	Агата Кристи	Как на войне
397	eqipXk7f22k	Дискотека Авария	Если хочешь остаться
398	nW33_DripcQ	Anacondaz	Сядь мне на лицо
399	PVO-Kp4V-kU	Quest Pistols	Ты так красива
400	Mu5656QyoCg	Звери	Просто такая сильная любовь
401	I7nnx5-tZUI	нексюша	Фенибут
402	xkb3I4KVkYk	Чайф	Аргентина — Ямайка 5:0
403	0yykuKQDfyM	SKIP	alternate take of АукцЫон — Дорога
404	AMsgIhk8aaY	Демо	Солнышко
405	xJBI_vCheSg	SKIP	second upload of Ласковый май — Седая ночь
406	JuE2R83QQ54	Ляпис Трубецкой	Яблони
407	HHlAcGy264Y	SKIP	live version of Муся Тотибадзе — Останусь с тобой
408	ThTawGXB3Us	Алексей Рыбников	Последняя поэма	Катя Белоконь	check: song from «Вам и не снилось» — choose which artist to list
409	0if2tBDfihg	Кино	Малыш	Мумий Тролль	check: confirm the original
410	z4BsXkGyey0	Порнофильмы	Прости. Прощай. Привет
411	Fb-KIPp_PEg	Сергей Васюта	На белом покрывале января
412	7SElSZNVFLU	Nensi	Отель
413	qEiHqnn9NF0	Ленинград	Ч.П.Х.
414	RQcMHolzYzc	Рок-острова	Ничего не говори
415	2ecWz60mKBw	Hi-Fi	Не дано
416	_dFv2HPPs4E	Андрей Губин	Птица
417	BeDA4z4KcGc	Моя Мишель	На билет
418	wf4tlYSbrvs	Монеточка	Жучка
419	Vlpp-YpFA6s	Свидание	Я и твой кот
420	zPgoyhpK0Ks	Земфира	∞
