# Third pass, and the last worth making.
#
# The first six are not indexes and never were: «Вольтер (Пушкин)» is an
# edition-selector, four hundred characters saying the text exists in
# Современник 1836 in two spellings. The page named here is the modern-
# spelling edition, read out of the EPUB already in .ws-cache.
#
# The nine below are genuine index pages that were rate-limited last time.
#   python3 tools/add_wikisource.py --list tools/retry2.tsv
#
volter	С 1836-1846/ВТ/Том III/Вольтер	Пушкин А.С.	Вольтер	Short Stories	
dzhon-tenner	С 1836-1846/ВТ/Том III/Джон Теннер	Пушкин А.С.	Джон Теннер	Short Stories	
mnenie-m-e-lobanova-o-dukhe-slovesnosti-kak-inostrannoy-tak-	С 1836-1846/ВТ/Том III/О Мнении М. Е. Лобанова	Пушкин А.С.	Мнение М. Е. Лобанова о духе словесности	Short Stories	
ob-istorii-pugachevskogo-bunta	С 1836-1846/ВТ/Том III/Об Истории Пугачевского Бунта	Пушкин А.С.	Об Истории Пугачевского бунта	Short Stories	
rossiyskaya-akademiya	С 1836-1846/ВТ/Том II/Российская Академия	Пушкин А.С.	Российская Академия	Short Stories	
frakiyskie-elegii-stikhotvoreniya-viktora-teplyakova	С 1836-1846/ВТ/Том III/Фракийские Элегии	Пушкин А.С.	Фракийские элегии, стихотворения Виктора Теплякова	Short Stories	
sevastopolskie-rasskazy	@Севастопольские рассказы (Толстой)	Толстой Л.Н.	Севастопольские рассказы	Short Stories	
tretya-russkaya-kniga-dlya-chteniya	@Третья русская книга для чтения (Лев Толстой)	Толстой Л.Н.	Третья русская книга для чтения	Short Stories	
soldaty	@Солдаты (Горький)	Горький М.	Солдаты	Short Stories	
rasskazy-o-geroyakh	@Рассказы о героях (Горький)	Горький М.	Рассказы о героях	Short Stories	
meshchane	@Мещане (Горький)	Горький М.	Мещане	Short Stories	
dnevnik-pisatelya-1876-god	@Дневник писателя. 1876 год (Достоевский)	Достоевский Ф.М.	Дневник писателя. 1876 год	Short Stories	
dnevnik-pisatelya-1877-god	@Дневник писателя. 1877 год (Достоевский)	Достоевский Ф.М.	Дневник писателя. 1877 год	Short Stories	
dnevnik-pisatelya-1881-god	@Дневник писателя. 1881 год (Достоевский)	Достоевский Ф.М.	Дневник писателя. 1881 год	Short Stories	
son-turgenev	@Сон (Тургенев)	Тургенев И.С.	Сон	Short Stories	
#
# Left out on purpose:
#   Разбор сочинений Георгия Конисского, Французская Академия — Викитека has
#     these only in pre-reform spelling (ѣ, ъ), which is not what a learner
#     should meet.
#   Тень Баркова — the page carries a warning and links off-site; no text.
#   Письма Пушкина — an index of several hundred separate letters.
#   Булька — a chapter of Третья русская книга для чтения, which is above.
