slug,chapter,heading,video,current_start,proposed_start,delta_sec,score,fb2_opening,heard_at_match,at_window_edge,probe_depth,continues,suspect_repeat,check_url,new_start_sec
dym,0,Глава 1,ypv0CvWL3Kk,0:01:38,0:01:53,15,0.773,всем знакомые фигуры с тем же тупым и,залах вокруг зены лов всем мые фгу с,,3,0.53,yes,https://youtu.be/ypv0CvWL3Kk?t=109,
dym,1,Глава 2,ypv0CvWL3Kk,0:09:45,0:09:44,-1,0.927,ii в нескольких шагах от русского дерева за,скуки в нескольких шагах от русского дерева за,,0,0.96,,https://youtu.be/ypv0CvWL3Kk?t=581,
dym,2,Глава 3,ypv0CvWL3Kk,0:18:08,0:18:10,2,0.918,iii ба ба ба вот он где раздался,своих бабаба вот он где раздался вдруг над,,0,0.71,,https://youtu.be/ypv0CvWL3Kk?t=1087,
dym,3,Глава 4,ypv0CvWL3Kk,0:30:47,0:30:47,0,0.697,iv григорий литвинов рубашка парень русская душа рекомендую,и дама проворнее прежнего побежала вниз по широким,,0,0.88,,https://youtu.be/ypv0CvWL3Kk?t=1844,
dym,4,Глава 5,ypv0CvWL3Kk,0:56:57,0:56:56,-1,0.933,v господин губарев у которого я имел удовольствие,господин губарев у которого я имел удовольствие вас,,0,0.92,,https://youtu.be/ypv0CvWL3Kk?t=3413,
dym,5,Глава 6,ypv0CvWL3Kk,1:26:00,1:25:59,-1,0.92,vi странный человек думал литвинов направляясь к гостинице,аллее странный человек думал литвинов направляясь к гостинице,,0,0.96,,https://youtu.be/ypv0CvWL3Kk?t=5156,
dym,6,Глава 7,ypv0CvWL3Kk,1:32:30,1:32:30,0,0.962,vii в начале пятидесятых годов проживало в москве,в начале пятидесятых годов проживала в москве в,,0,0.46,yes,https://youtu.be/ypv0CvWL3Kk?t=5546,
dym,7,Глава 8,ypv0CvWL3Kk,1:53:10,1:53:10,0,0.884,viii в ту зиму двор посетил москву одни,и планы в ту зиму двор посетил москву,,0,0.91,,https://youtu.be/ypv0CvWL3Kk?t=6787,
dym,8,Глава 9,ypv0CvWL3Kk,3:00:33,3:00:33,0,0.818,xii они пришли в одну из лучших гостиниц,вместе с потуги они пришли в одну из,,0,0.65,yes,https://youtu.be/ypv0CvWL3Kk?t=10829,
dym,9,Глава 10,ypv0CvWL3Kk,4:33:52,4:33:52,0,0.844,xvi литвинов не спал всю ночь и не,ирины так и воздвигать вс ноч и не,,0,0.91,,https://youtu.be/ypv0CvWL3Kk?t=16429,
dym,10,Глава 11,ypv0CvWL3Kk,6:29:48,6:29:48,0,0.96,xxiii вот что стояло в этом письме к,вот что стояло в этом письме к ирине,,0,0.94,,https://youtu.be/ypv0CvWL3Kk?t=23385,
dym,11,Глава 12,ypv0CvWL3Kk,6:47:19,6:47:19,0,0.976,xxv на другое утро литвинов только что возвратился,на другое утро литвинов только что возвратился домой,,0,1.0,,https://youtu.be/ypv0CvWL3Kk?t=24436,
