slug,chapter,reason
anna-karenina,87,counts differ (fb2 8 / map 239)
anna-karenina,88,counts differ (fb2 8 / map 239)
anna-karenina,89,counts differ (fb2 8 / map 239)
anna-karenina,90,counts differ (fb2 8 / map 239)
anna-karenina,91,counts differ (fb2 8 / map 239)
anna-karenina,92,counts differ (fb2 8 / map 239)
anna-karenina,93,counts differ (fb2 8 / map 239)
anna-karenina,94,counts differ (fb2 8 / map 239)
anna-karenina,95,counts differ (fb2 8 / map 239)
anna-karenina,96,counts differ (fb2 8 / map 239)
anna-karenina,97,counts differ (fb2 8 / map 239)
anna-karenina,98,counts differ (fb2 8 / map 239)
anna-karenina,99,counts differ (fb2 8 / map 239)
anna-karenina,100,counts differ (fb2 8 / map 239)
anna-karenina,101,counts differ (fb2 8 / map 239)
anna-karenina,102,counts differ (fb2 8 / map 239)
anna-karenina,103,counts differ (fb2 8 / map 239)
anna-karenina,104,counts differ (fb2 8 / map 239)
anna-karenina,105,counts differ (fb2 8 / map 239)
anna-karenina,106,counts differ (fb2 8 / map 239)
anna-karenina,107,counts differ (fb2 8 / map 239)
anna-karenina,108,counts differ (fb2 8 / map 239)
anna-karenina,109,counts differ (fb2 8 / map 239)
anna-karenina,110,counts differ (fb2 8 / map 239)
anna-karenina,111,counts differ (fb2 8 / map 239)
anna-karenina,112,counts differ (fb2 8 / map 239)
anna-karenina,113,counts differ (fb2 8 / map 239)
anna-karenina,114,counts differ (fb2 8 / map 239)
anna-karenina,115,counts differ (fb2 8 / map 239)
anna-karenina,116,counts differ (fb2 8 / map 239)
anna-karenina,117,counts differ (fb2 8 / map 239)
anna-karenina,118,counts differ (fb2 8 / map 239)
anna-karenina,119,counts differ (fb2 8 / map 239)
anna-karenina,120,counts differ (fb2 8 / map 239)
anna-karenina,121,counts differ (fb2 8 / map 239)
anna-karenina,122,counts differ (fb2 8 / map 239)
anna-karenina,123,counts differ (fb2 8 / map 239)
anna-karenina,125,counts differ (fb2 8 / map 239)
anna-karenina,126,counts differ (fb2 8 / map 239)
anna-karenina,127,counts differ (fb2 8 / map 239)
anna-karenina,128,counts differ (fb2 8 / map 239)
anna-karenina,129,counts differ (fb2 8 / map 239)
anna-karenina,130,counts differ (fb2 8 / map 239)
anna-karenina,131,counts differ (fb2 8 / map 239)
anna-karenina,132,counts differ (fb2 8 / map 239)
anna-karenina,133,counts differ (fb2 8 / map 239)
anna-karenina,134,counts differ (fb2 8 / map 239)
anna-karenina,135,counts differ (fb2 8 / map 239)
anna-karenina,136,counts differ (fb2 8 / map 239)
anna-karenina,137,counts differ (fb2 8 / map 239)
anna-karenina,138,counts differ (fb2 8 / map 239)
anna-karenina,139,counts differ (fb2 8 / map 239)
anna-karenina,140,counts differ (fb2 8 / map 239)
anna-karenina,141,counts differ (fb2 8 / map 239)
anna-karenina,142,counts differ (fb2 8 / map 239)
anna-karenina,143,counts differ (fb2 8 / map 239)
anna-karenina,144,counts differ (fb2 8 / map 239)
anna-karenina,145,counts differ (fb2 8 / map 239)
anna-karenina,146,counts differ (fb2 8 / map 239)
anna-karenina,147,counts differ (fb2 8 / map 239)
anna-karenina,148,counts differ (fb2 8 / map 239)
anna-karenina,149,counts differ (fb2 8 / map 239)
anna-karenina,150,counts differ (fb2 8 / map 239)
anna-karenina,151,counts differ (fb2 8 / map 239)
anna-karenina,152,counts differ (fb2 8 / map 239)
anna-karenina,153,counts differ (fb2 8 / map 239)
anna-karenina,154,counts differ (fb2 8 / map 239)
anna-karenina,155,counts differ (fb2 8 / map 239)
anna-karenina,156,counts differ (fb2 8 / map 239)
anna-karenina,157,counts differ (fb2 8 / map 239)
anna-karenina,158,counts differ (fb2 8 / map 239)
anna-karenina,159,counts differ (fb2 8 / map 239)
anna-karenina,160,counts differ (fb2 8 / map 239)
anna-karenina,161,counts differ (fb2 8 / map 239)
anna-karenina,162,counts differ (fb2 8 / map 239)
anna-karenina,163,counts differ (fb2 8 / map 239)
anna-karenina,164,counts differ (fb2 8 / map 239)
anna-karenina,165,counts differ (fb2 8 / map 239)
anna-karenina,166,counts differ (fb2 8 / map 239)
anna-karenina,167,counts differ (fb2 8 / map 239)
anna-karenina,168,counts differ (fb2 8 / map 239)
anna-karenina,169,counts differ (fb2 8 / map 239)
anna-karenina,170,counts differ (fb2 8 / map 239)
anna-karenina,171,counts differ (fb2 8 / map 239)
anna-karenina,172,counts differ (fb2 8 / map 239)
anna-karenina,173,counts differ (fb2 8 / map 239)
anna-karenina,174,counts differ (fb2 8 / map 239)
anna-karenina,175,counts differ (fb2 8 / map 239)
anna-karenina,176,counts differ (fb2 8 / map 239)
anna-karenina,177,counts differ (fb2 8 / map 239)
anna-karenina,178,counts differ (fb2 8 / map 239)
anna-karenina,179,counts differ (fb2 8 / map 239)
anna-karenina,180,counts differ (fb2 8 / map 239)
anna-karenina,181,counts differ (fb2 8 / map 239)
anna-karenina,182,counts differ (fb2 8 / map 239)
anna-karenina,183,counts differ (fb2 8 / map 239)
anna-karenina,184,counts differ (fb2 8 / map 239)
anna-karenina,185,counts differ (fb2 8 / map 239)
anna-karenina,186,counts differ (fb2 8 / map 239)
anna-karenina,187,counts differ (fb2 8 / map 239)
anna-karenina,188,counts differ (fb2 8 / map 239)
anna-karenina,190,counts differ (fb2 8 / map 239)
anna-karenina,191,counts differ (fb2 8 / map 239)
anna-karenina,192,counts differ (fb2 8 / map 239)
anna-karenina,193,counts differ (fb2 8 / map 239)
anna-karenina,194,counts differ (fb2 8 / map 239)
anna-karenina,195,counts differ (fb2 8 / map 239)
anna-karenina,196,counts differ (fb2 8 / map 239)
anna-karenina,197,counts differ (fb2 8 / map 239)
anna-karenina,198,counts differ (fb2 8 / map 239)
anna-karenina,199,counts differ (fb2 8 / map 239)
anna-karenina,200,counts differ (fb2 8 / map 239)
anna-karenina,201,counts differ (fb2 8 / map 239)
anna-karenina,202,counts differ (fb2 8 / map 239)
anna-karenina,203,counts differ (fb2 8 / map 239)
anna-karenina,204,counts differ (fb2 8 / map 239)
anna-karenina,205,counts differ (fb2 8 / map 239)
anna-karenina,206,counts differ (fb2 8 / map 239)
anna-karenina,207,counts differ (fb2 8 / map 239)
anna-karenina,208,counts differ (fb2 8 / map 239)
anna-karenina,209,counts differ (fb2 8 / map 239)
anna-karenina,210,counts differ (fb2 8 / map 239)
anna-karenina,211,counts differ (fb2 8 / map 239)
anna-karenina,212,counts differ (fb2 8 / map 239)
anna-karenina,213,counts differ (fb2 8 / map 239)
anna-karenina,214,counts differ (fb2 8 / map 239)
anna-karenina,215,counts differ (fb2 8 / map 239)
anna-karenina,216,counts differ (fb2 8 / map 239)
anna-karenina,217,counts differ (fb2 8 / map 239)
anna-karenina,218,counts differ (fb2 8 / map 239)
anna-karenina,219,counts differ (fb2 8 / map 239)
anna-karenina,220,counts differ (fb2 8 / map 239)
anna-karenina,221,counts differ (fb2 8 / map 239)
anna-karenina,222,counts differ (fb2 8 / map 239)
anna-karenina,223,counts differ (fb2 8 / map 239)
anna-karenina,224,counts differ (fb2 8 / map 239)
anna-karenina,225,counts differ (fb2 8 / map 239)
anna-karenina,226,counts differ (fb2 8 / map 239)
anna-karenina,227,counts differ (fb2 8 / map 239)
anna-karenina,228,counts differ (fb2 8 / map 239)
anna-karenina,229,counts differ (fb2 8 / map 239)
anna-karenina,230,counts differ (fb2 8 / map 239)
anna-karenina,231,counts differ (fb2 8 / map 239)
anna-karenina,232,counts differ (fb2 8 / map 239)
anna-karenina,233,counts differ (fb2 8 / map 239)
anna-karenina,234,counts differ (fb2 8 / map 239)
anna-karenina,235,counts differ (fb2 8 / map 239)
anna-karenina,236,counts differ (fb2 8 / map 239)
anna-karenina,237,counts differ (fb2 8 / map 239)
anna-karenina,238,counts differ (fb2 8 / map 239)
arap-petra-velikogo,0,counts differ (fb2 7 / map 8)
arap-petra-velikogo,1,counts differ (fb2 7 / map 8)
arap-petra-velikogo,2,counts differ (fb2 7 / map 8)
arap-petra-velikogo,3,counts differ (fb2 7 / map 8)
arap-petra-velikogo,4,counts differ (fb2 7 / map 8)
arap-petra-velikogo,5,counts differ (fb2 7 / map 8)
arap-petra-velikogo,6,counts differ (fb2 7 / map 8)
arap-petra-velikogo,7,counts differ (fb2 7 / map 8)
belye-nochi,3,matcher not confident
belye-nochi,4,matcher not confident
belye-nochi,5,matcher not confident
besy,0,counts differ (fb2 4 / map 24)
besy,1,counts differ (fb2 4 / map 24)
besy,2,counts differ (fb2 4 / map 24)
besy,3,counts differ (fb2 4 / map 24)
besy,4,counts differ (fb2 4 / map 24)
besy,6,counts differ (fb2 4 / map 24)
besy,7,counts differ (fb2 4 / map 24)
besy,8,counts differ (fb2 4 / map 24)
besy,9,counts differ (fb2 4 / map 24)
besy,10,counts differ (fb2 4 / map 24)
besy,11,counts differ (fb2 4 / map 24)
besy,12,counts differ (fb2 4 / map 24)
besy,13,counts differ (fb2 4 / map 24)
besy,14,counts differ (fb2 4 / map 24)
besy,16,counts differ (fb2 4 / map 24)
besy,17,counts differ (fb2 4 / map 24)
besy,18,counts differ (fb2 4 / map 24)
besy,19,counts differ (fb2 4 / map 24)
besy,20,counts differ (fb2 4 / map 24)
besy,21,counts differ (fb2 4 / map 24)
besy,22,counts differ (fb2 4 / map 24)
besy,23,counts differ (fb2 4 / map 24)
bibliya-sinodalnyy-perevod,0,no captions fetched
bibliya-sinodalnyy-perevod,1,no captions fetched
bibliya-sinodalnyy-perevod,2,no captions fetched
bibliya-sinodalnyy-perevod,3,no captions fetched
bibliya-sinodalnyy-perevod,4,no captions fetched
bibliya-sinodalnyy-perevod,5,no captions fetched
bibliya-sinodalnyy-perevod,6,no captions fetched
bibliya-sinodalnyy-perevod,7,no captions fetched
bibliya-sinodalnyy-perevod,8,no captions fetched
bibliya-sinodalnyy-perevod,9,no captions fetched
bibliya-sinodalnyy-perevod,10,no captions fetched
bibliya-sinodalnyy-perevod,11,no captions fetched
bibliya-sinodalnyy-perevod,12,no captions fetched
bibliya-sinodalnyy-perevod,13,no captions fetched
bibliya-sinodalnyy-perevod,14,no captions fetched
bibliya-sinodalnyy-perevod,15,no captions fetched
bibliya-sinodalnyy-perevod,16,no captions fetched
bibliya-sinodalnyy-perevod,17,no captions fetched
bibliya-sinodalnyy-perevod,18,no captions fetched
bibliya-sinodalnyy-perevod,19,no captions fetched
bibliya-sinodalnyy-perevod,20,no captions fetched
bibliya-sinodalnyy-perevod,21,no captions fetched
bibliya-sinodalnyy-perevod,22,no captions fetched
bibliya-sinodalnyy-perevod,23,no captions fetched
bibliya-sinodalnyy-perevod,24,no captions fetched
bibliya-sinodalnyy-perevod,25,no captions fetched
bibliya-sinodalnyy-perevod,26,no captions fetched
bibliya-sinodalnyy-perevod,27,no captions fetched
bibliya-sinodalnyy-perevod,28,no captions fetched
bibliya-sinodalnyy-perevod,29,no captions fetched
bibliya-sinodalnyy-perevod,30,no captions fetched
bibliya-sinodalnyy-perevod,31,no captions fetched
bibliya-sinodalnyy-perevod,32,no captions fetched
bibliya-sinodalnyy-perevod,33,no captions fetched
bibliya-sinodalnyy-perevod,34,no captions fetched
bibliya-sinodalnyy-perevod,35,no captions fetched
bibliya-sinodalnyy-perevod,36,no captions fetched
bibliya-sinodalnyy-perevod,37,no captions fetched
bibliya-sinodalnyy-perevod,38,no captions fetched
bibliya-sinodalnyy-perevod,39,no captions fetched
bibliya-sinodalnyy-perevod,40,no captions fetched
bibliya-sinodalnyy-perevod,41,no captions fetched
bibliya-sinodalnyy-perevod,42,no captions fetched
bibliya-sinodalnyy-perevod,43,no captions fetched
bibliya-sinodalnyy-perevod,44,no captions fetched
bibliya-sinodalnyy-perevod,45,no captions fetched
bibliya-sinodalnyy-perevod,46,no captions fetched
bibliya-sinodalnyy-perevod,47,no captions fetched
bibliya-sinodalnyy-perevod,48,no captions fetched
bibliya-sinodalnyy-perevod,49,no captions fetched
bibliya-sinodalnyy-perevod,50,no captions fetched
bibliya-sinodalnyy-perevod,51,no captions fetched
bibliya-sinodalnyy-perevod,52,no captions fetched
bibliya-sinodalnyy-perevod,53,no captions fetched
bibliya-sinodalnyy-perevod,54,no captions fetched
bibliya-sinodalnyy-perevod,55,no captions fetched
bibliya-sinodalnyy-perevod,56,no captions fetched
bibliya-sinodalnyy-perevod,57,no captions fetched
bibliya-sinodalnyy-perevod,58,no captions fetched
bibliya-sinodalnyy-perevod,59,no captions fetched
bibliya-sinodalnyy-perevod,60,no captions fetched
bibliya-sinodalnyy-perevod,61,no captions fetched
bibliya-sinodalnyy-perevod,62,no captions fetched
bibliya-sinodalnyy-perevod,63,no captions fetched
bibliya-sinodalnyy-perevod,64,no captions fetched
bibliya-sinodalnyy-perevod,65,no captions fetched
bibliya-sinodalnyy-perevod,66,no captions fetched
bibliya-sinodalnyy-perevod,67,no captions fetched
bibliya-sinodalnyy-perevod,68,no captions fetched
bibliya-sinodalnyy-perevod,69,no captions fetched
bibliya-sinodalnyy-perevod,70,no captions fetched
bibliya-sinodalnyy-perevod,71,no captions fetched
bibliya-sinodalnyy-perevod,72,no captions fetched
bibliya-sinodalnyy-perevod,73,no captions fetched
bibliya-sinodalnyy-perevod,74,no captions fetched
bibliya-sinodalnyy-perevod,75,no captions fetched
bibliya-sinodalnyy-perevod,76,no captions fetched
bibliya-sinodalnyy-perevod,77,no captions fetched
bibliya-sinodalnyy-perevod,78,no captions fetched
bibliya-sinodalnyy-perevod,79,no captions fetched
bibliya-sinodalnyy-perevod,80,no captions fetched
bibliya-sinodalnyy-perevod,81,no captions fetched
bibliya-sinodalnyy-perevod,82,no captions fetched
bibliya-sinodalnyy-perevod,83,no captions fetched
bibliya-sinodalnyy-perevod,84,no captions fetched
bibliya-sinodalnyy-perevod,85,no captions fetched
bibliya-sinodalnyy-perevod,86,no captions fetched
bibliya-sinodalnyy-perevod,87,no captions fetched
bibliya-sinodalnyy-perevod,88,no captions fetched
bibliya-sinodalnyy-perevod,89,no captions fetched
bibliya-sinodalnyy-perevod,90,no captions fetched
bibliya-sinodalnyy-perevod,91,no captions fetched
bibliya-sinodalnyy-perevod,92,no captions fetched
bibliya-sinodalnyy-perevod,93,no captions fetched
bibliya-sinodalnyy-perevod,94,no captions fetched
bibliya-sinodalnyy-perevod,95,no captions fetched
bibliya-sinodalnyy-perevod,96,no captions fetched
bibliya-sinodalnyy-perevod,97,no captions fetched
bibliya-sinodalnyy-perevod,98,no captions fetched
bibliya-sinodalnyy-perevod,99,no captions fetched
bibliya-sinodalnyy-perevod,100,no captions fetched
bibliya-sinodalnyy-perevod,101,no captions fetched
bibliya-sinodalnyy-perevod,102,no captions fetched
bibliya-sinodalnyy-perevod,103,no captions fetched
bibliya-sinodalnyy-perevod,104,no captions fetched
bibliya-sinodalnyy-perevod,105,no captions fetched
bibliya-sinodalnyy-perevod,106,no captions fetched
bibliya-sinodalnyy-perevod,107,no captions fetched
bibliya-sinodalnyy-perevod,108,no captions fetched
bibliya-sinodalnyy-perevod,109,no captions fetched
bibliya-sinodalnyy-perevod,110,no captions fetched
bibliya-sinodalnyy-perevod,111,no captions fetched
bibliya-sinodalnyy-perevod,112,no captions fetched
bibliya-sinodalnyy-perevod,113,no captions fetched
bibliya-sinodalnyy-perevod,114,no captions fetched
bibliya-sinodalnyy-perevod,115,no captions fetched
bibliya-sinodalnyy-perevod,116,no captions fetched
bibliya-sinodalnyy-perevod,117,matcher not confident
bibliya-sinodalnyy-perevod,118,matcher not confident
bibliya-sinodalnyy-perevod,119,matcher not confident
bibliya-sinodalnyy-perevod,120,matcher not confident
bibliya-sinodalnyy-perevod,121,matcher not confident
bibliya-sinodalnyy-perevod,122,matcher not confident
bibliya-sinodalnyy-perevod,123,matcher not confident
bibliya-sinodalnyy-perevod,124,matcher not confident
bibliya-sinodalnyy-perevod,125,matcher not confident
bibliya-sinodalnyy-perevod,126,matcher not confident
bibliya-sinodalnyy-perevod,127,matcher not confident
bibliya-sinodalnyy-perevod,128,matcher not confident
bibliya-sinodalnyy-perevod,129,matcher not confident
bibliya-sinodalnyy-perevod,130,matcher not confident
bibliya-sinodalnyy-perevod,131,matcher not confident
bibliya-sinodalnyy-perevod,132,matcher not confident
bibliya-sinodalnyy-perevod,133,matcher not confident
bibliya-sinodalnyy-perevod,134,matcher not confident
bibliya-sinodalnyy-perevod,135,matcher not confident
bibliya-sinodalnyy-perevod,136,matcher not confident
bibliya-sinodalnyy-perevod,137,matcher not confident
bibliya-sinodalnyy-perevod,138,matcher not confident
bibliya-sinodalnyy-perevod,139,matcher not confident
bibliya-sinodalnyy-perevod,140,matcher not confident
bibliya-sinodalnyy-perevod,141,matcher not confident
bibliya-sinodalnyy-perevod,142,matcher not confident
bibliya-sinodalnyy-perevod,143,matcher not confident
bibliya-sinodalnyy-perevod,144,matcher not confident
bibliya-sinodalnyy-perevod,145,matcher not confident
bibliya-sinodalnyy-perevod,146,matcher not confident
bibliya-sinodalnyy-perevod,147,matcher not confident
bibliya-sinodalnyy-perevod,148,matcher not confident
bibliya-sinodalnyy-perevod,149,matcher not confident
bibliya-sinodalnyy-perevod,150,matcher not confident
bibliya-sinodalnyy-perevod,151,matcher not confident
bibliya-sinodalnyy-perevod,152,matcher not confident
bibliya-sinodalnyy-perevod,153,no captions fetched
bibliya-sinodalnyy-perevod,154,no captions fetched
bibliya-sinodalnyy-perevod,155,no captions fetched
bibliya-sinodalnyy-perevod,156,no captions fetched
bibliya-sinodalnyy-perevod,157,no captions fetched
bibliya-sinodalnyy-perevod,158,no captions fetched
bibliya-sinodalnyy-perevod,159,no captions fetched
bibliya-sinodalnyy-perevod,160,no captions fetched
bibliya-sinodalnyy-perevod,161,no captions fetched
bibliya-sinodalnyy-perevod,162,no captions fetched
bibliya-sinodalnyy-perevod,163,no captions fetched
bibliya-sinodalnyy-perevod,164,no captions fetched
bibliya-sinodalnyy-perevod,165,no captions fetched
bibliya-sinodalnyy-perevod,166,no captions fetched
bibliya-sinodalnyy-perevod,167,no captions fetched
bibliya-sinodalnyy-perevod,168,no captions fetched
bibliya-sinodalnyy-perevod,169,no captions fetched
bibliya-sinodalnyy-perevod,170,no captions fetched
bibliya-sinodalnyy-perevod,171,no captions fetched
bibliya-sinodalnyy-perevod,172,no captions fetched
bibliya-sinodalnyy-perevod,173,no captions fetched
bibliya-sinodalnyy-perevod,174,no captions fetched
bibliya-sinodalnyy-perevod,175,no captions fetched
bibliya-sinodalnyy-perevod,176,no captions fetched
bibliya-sinodalnyy-perevod,177,no captions fetched
bibliya-sinodalnyy-perevod,178,no captions fetched
bibliya-sinodalnyy-perevod,179,no captions fetched
bibliya-sinodalnyy-perevod,180,no captions fetched
bibliya-sinodalnyy-perevod,181,no captions fetched
bibliya-sinodalnyy-perevod,182,no captions fetched
bibliya-sinodalnyy-perevod,183,no captions fetched
bibliya-sinodalnyy-perevod,184,no captions fetched
bibliya-sinodalnyy-perevod,185,no captions fetched
bibliya-sinodalnyy-perevod,186,no captions fetched
bibliya-sinodalnyy-perevod,187,matcher not confident
bibliya-sinodalnyy-perevod,188,matcher not confident
bibliya-sinodalnyy-perevod,189,matcher not confident
bibliya-sinodalnyy-perevod,190,matcher not confident
bibliya-sinodalnyy-perevod,191,matcher not confident
bibliya-sinodalnyy-perevod,192,matcher not confident
bibliya-sinodalnyy-perevod,193,matcher not confident
bibliya-sinodalnyy-perevod,194,matcher not confident
bibliya-sinodalnyy-perevod,195,matcher not confident
bibliya-sinodalnyy-perevod,196,matcher not confident
bibliya-sinodalnyy-perevod,197,matcher not confident
bibliya-sinodalnyy-perevod,198,matcher not confident
bibliya-sinodalnyy-perevod,199,matcher not confident
bibliya-sinodalnyy-perevod,200,matcher not confident
bibliya-sinodalnyy-perevod,201,matcher not confident
bibliya-sinodalnyy-perevod,202,matcher not confident
bibliya-sinodalnyy-perevod,203,matcher not confident
bibliya-sinodalnyy-perevod,204,matcher not confident
bibliya-sinodalnyy-perevod,205,matcher not confident
bibliya-sinodalnyy-perevod,206,matcher not confident
bibliya-sinodalnyy-perevod,207,matcher not confident
bibliya-sinodalnyy-perevod,208,matcher not confident
bibliya-sinodalnyy-perevod,209,matcher not confident
bibliya-sinodalnyy-perevod,210,matcher not confident
bibliya-sinodalnyy-perevod,211,matcher not confident
bibliya-sinodalnyy-perevod,212,matcher not confident
bibliya-sinodalnyy-perevod,213,matcher not confident
bibliya-sinodalnyy-perevod,214,matcher not confident
bibliya-sinodalnyy-perevod,215,no captions fetched
bibliya-sinodalnyy-perevod,216,no captions fetched
bibliya-sinodalnyy-perevod,217,no captions fetched
bibliya-sinodalnyy-perevod,218,no captions fetched
bibliya-sinodalnyy-perevod,219,no captions fetched
bibliya-sinodalnyy-perevod,220,no captions fetched
bibliya-sinodalnyy-perevod,221,no captions fetched
bibliya-sinodalnyy-perevod,222,no captions fetched
bibliya-sinodalnyy-perevod,223,no captions fetched
bibliya-sinodalnyy-perevod,224,no captions fetched
bibliya-sinodalnyy-perevod,225,no captions fetched
bibliya-sinodalnyy-perevod,226,no captions fetched
bibliya-sinodalnyy-perevod,227,no captions fetched
bibliya-sinodalnyy-perevod,228,no captions fetched
bibliya-sinodalnyy-perevod,229,no captions fetched
bibliya-sinodalnyy-perevod,230,no captions fetched
bibliya-sinodalnyy-perevod,231,no captions fetched
bibliya-sinodalnyy-perevod,232,no captions fetched
bibliya-sinodalnyy-perevod,233,no captions fetched
bibliya-sinodalnyy-perevod,234,no captions fetched
bibliya-sinodalnyy-perevod,235,no captions fetched
bibliya-sinodalnyy-perevod,236,no captions fetched
bibliya-sinodalnyy-perevod,237,no captions fetched
bibliya-sinodalnyy-perevod,238,no captions fetched
bibliya-sinodalnyy-perevod,239,no captions fetched
bibliya-sinodalnyy-perevod,240,no captions fetched
bibliya-sinodalnyy-perevod,241,no captions fetched
bibliya-sinodalnyy-perevod,242,no captions fetched
bibliya-sinodalnyy-perevod,243,no captions fetched
bibliya-sinodalnyy-perevod,244,no captions fetched
bibliya-sinodalnyy-perevod,245,no captions fetched
bibliya-sinodalnyy-perevod,246,no captions fetched
bibliya-sinodalnyy-perevod,247,no captions fetched
bibliya-sinodalnyy-perevod,248,no captions fetched
bibliya-sinodalnyy-perevod,249,no captions fetched
bibliya-sinodalnyy-perevod,250,no captions fetched
bibliya-sinodalnyy-perevod,251,no captions fetched
bibliya-sinodalnyy-perevod,252,no captions fetched
bibliya-sinodalnyy-perevod,253,no captions fetched
bibliya-sinodalnyy-perevod,254,no captions fetched
bibliya-sinodalnyy-perevod,255,no captions fetched
bibliya-sinodalnyy-perevod,256,no captions fetched
bibliya-sinodalnyy-perevod,257,no captions fetched
bibliya-sinodalnyy-perevod,258,no captions fetched
bibliya-sinodalnyy-perevod,259,no captions fetched
bibliya-sinodalnyy-perevod,260,no captions fetched
bibliya-sinodalnyy-perevod,261,no captions fetched
bibliya-sinodalnyy-perevod,262,no captions fetched
bibliya-sinodalnyy-perevod,263,no captions fetched
bibliya-sinodalnyy-perevod,264,no captions fetched
bibliya-sinodalnyy-perevod,265,no captions fetched
bibliya-sinodalnyy-perevod,266,no captions fetched
bibliya-sinodalnyy-perevod,267,no captions fetched
bibliya-sinodalnyy-perevod,268,no captions fetched
bibliya-sinodalnyy-perevod,269,no captions fetched
bibliya-sinodalnyy-perevod,270,no captions fetched
bibliya-sinodalnyy-perevod,271,no captions fetched
bibliya-sinodalnyy-perevod,272,no captions fetched
bibliya-sinodalnyy-perevod,273,no captions fetched
bibliya-sinodalnyy-perevod,274,no captions fetched
bibliya-sinodalnyy-perevod,275,no captions fetched
bratya-karamazovy,26,no captions fetched
bratya-karamazovy,27,no captions fetched
bratya-karamazovy,28,no captions fetched
bratya-karamazovy,29,no captions fetched
bratya-karamazovy,30,no captions fetched
bratya-karamazovy,31,no captions fetched
bratya-karamazovy,32,no captions fetched
bratya-karamazovy,33,no captions fetched
bratya-karamazovy,34,no captions fetched
bratya-karamazovy,35,no captions fetched
bratya-karamazovy,36,no captions fetched
bratya-karamazovy,37,no captions fetched
bratya-karamazovy,38,no captions fetched
bratya-karamazovy,39,no captions fetched
bratya-karamazovy,40,no captions fetched
bratya-karamazovy,41,no captions fetched
bratya-karamazovy,42,no captions fetched
bratya-karamazovy,43,no captions fetched
bratya-karamazovy,44,no captions fetched
bratya-karamazovy,45,no captions fetched
bratya-karamazovy,46,no captions fetched
bratya-karamazovy,47,no captions fetched
bratya-karamazovy,48,no captions fetched
bratya-karamazovy,50,no captions fetched
bratya-karamazovy,51,no captions fetched
bratya-karamazovy,52,no captions fetched
bratya-karamazovy,53,no captions fetched
bratya-karamazovy,54,no captions fetched
bratya-karamazovy,55,no captions fetched
bratya-karamazovy,56,no captions fetched
bratya-karamazovy,57,no captions fetched
bratya-karamazovy,58,no captions fetched
bratya-karamazovy,59,no captions fetched
bratya-karamazovy,60,no captions fetched
bratya-karamazovy,71,no captions fetched
bratya-karamazovy,72,no captions fetched
bratya-karamazovy,73,no captions fetched
bratya-karamazovy,74,no captions fetched
bratya-karamazovy,75,no captions fetched
bratya-karamazovy,76,no captions fetched
bratya-karamazovy,77,no captions fetched
bratya-karamazovy,78,no captions fetched
bratya-karamazovy,79,no captions fetched
bratya-karamazovy,80,no captions fetched
bratya-karamazovy,81,no captions fetched
bratya-karamazovy,82,no captions fetched
bratya-karamazovy,83,no captions fetched
bratya-karamazovy,84,no captions fetched
bratya-karamazovy,85,no captions fetched
bratya-karamazovy,86,no captions fetched
bratya-karamazovy,88,no captions fetched
bratya-karamazovy,89,no captions fetched
bratya-karamazovy,90,no captions fetched
bratya-karamazovy,91,no captions fetched
bratya-karamazovy,92,no captions fetched
bratya-karamazovy,93,no captions fetched
bratya-karamazovy,94,no captions fetched
bratya-karamazovy,95,no captions fetched
bratya-karamazovy,96,no captions fetched
bratya-karamazovy,97,no captions fetched
bratya-karamazovy,98,no captions fetched
bratya-karamazovy,99,no captions fetched
bratya-karamazovy,100,no captions fetched
bratya-karamazovy,101,no captions fetched
bratya-karamazovy,102,no captions fetched
bratya-karamazovy,103,no captions fetched
chelkash,0,no captions fetched
chelkash,1,no captions fetched
chelkash,2,no captions fetched
chelkash,3,no captions fetched
chernyy-monakh,1,counts differ (fb2 1 / map 9)
chernyy-monakh,2,counts differ (fb2 1 / map 9)
chernyy-monakh,3,counts differ (fb2 1 / map 9)
chernyy-monakh,4,counts differ (fb2 1 / map 9)
chernyy-monakh,5,counts differ (fb2 1 / map 9)
chernyy-monakh,6,counts differ (fb2 1 / map 9)
chernyy-monakh,7,counts differ (fb2 1 / map 9)
chernyy-monakh,8,counts differ (fb2 1 / map 9)
dyadya-vanya-spektakl,2,counts differ (fb2 5 / map 4)
dyadya-vanya-spektakl,3,counts differ (fb2 5 / map 4)
dyadya-vanya-spektakl,4,counts differ (fb2 5 / map 4)
dym,0,matcher not confident
evgeniy-onegin,0,counts differ (fb2 357 / map 8)
evgeniy-onegin,1,counts differ (fb2 357 / map 8)
evgeniy-onegin,2,counts differ (fb2 357 / map 8)
evgeniy-onegin,3,counts differ (fb2 357 / map 8)
evgeniy-onegin,4,counts differ (fb2 357 / map 8)
evgeniy-onegin,5,counts differ (fb2 357 / map 8)
evgeniy-onegin,6,counts differ (fb2 357 / map 8)
evgeniy-onegin,7,counts differ (fb2 357 / map 8)
gore-ot-uma,0,no captions fetched
gore-ot-uma,1,no captions fetched
gore-ot-uma,2,no captions fetched
gore-ot-uma,3,no captions fetched
gore-ot-uma-spektakl,1,matcher not confident
gore-ot-uma-spektakl,2,matcher not confident
gore-ot-uma-spektakl,3,matcher not confident
gospoda-golovlevy,5,matcher not confident
kak-possorilsya-ivan-ivanovich-s-ivanom-nikiforovich,0,counts differ (fb2 7 / map 8)
kak-possorilsya-ivan-ivanovich-s-ivanom-nikiforovich,1,counts differ (fb2 7 / map 8)
kak-possorilsya-ivan-ivanovich-s-ivanom-nikiforovich,2,counts differ (fb2 7 / map 8)
kak-possorilsya-ivan-ivanovich-s-ivanom-nikiforovich,3,counts differ (fb2 7 / map 8)
kak-possorilsya-ivan-ivanovich-s-ivanom-nikiforovich,4,counts differ (fb2 7 / map 8)
kak-possorilsya-ivan-ivanovich-s-ivanom-nikiforovich,5,counts differ (fb2 7 / map 8)
kak-possorilsya-ivan-ivanovich-s-ivanom-nikiforovich,6,counts differ (fb2 7 / map 8)
kak-possorilsya-ivan-ivanovich-s-ivanom-nikiforovich,7,counts differ (fb2 7 / map 8)
kazaki,17,matcher not confident
kazaki,30,matcher not confident
mat,6,matcher not confident
mat,11,matcher not confident
mat,18,matcher not confident
mat,23,matcher not confident
mat,24,matcher not confident
mat,34,matcher not confident
mat,46,matcher not confident
melkiy-bes,12,counts differ (fb2 95 / map 78)
melkiy-bes,13,counts differ (fb2 95 / map 78)
melkiy-bes,14,counts differ (fb2 95 / map 78)
melkiy-bes,16,counts differ (fb2 95 / map 78)
melkiy-bes,17,counts differ (fb2 95 / map 78)
melkiy-bes,19,counts differ (fb2 95 / map 78)
melkiy-bes,20,counts differ (fb2 95 / map 78)
melkiy-bes,21,counts differ (fb2 95 / map 78)
melkiy-bes,22,counts differ (fb2 95 / map 78)
melkiy-bes,23,counts differ (fb2 95 / map 78)
melkiy-bes,24,counts differ (fb2 95 / map 78)
melkiy-bes,25,counts differ (fb2 95 / map 78)
melkiy-bes,27,counts differ (fb2 95 / map 78)
melkiy-bes,28,counts differ (fb2 95 / map 78)
melkiy-bes,29,counts differ (fb2 95 / map 78)
melkiy-bes,30,counts differ (fb2 95 / map 78)
melkiy-bes,31,counts differ (fb2 95 / map 78)
melkiy-bes,32,counts differ (fb2 95 / map 78)
melkiy-bes,36,counts differ (fb2 95 / map 78)
melkiy-bes,37,counts differ (fb2 95 / map 78)
melkiy-bes,38,counts differ (fb2 95 / map 78)
melkiy-bes,39,counts differ (fb2 95 / map 78)
melkiy-bes,40,counts differ (fb2 95 / map 78)
melkiy-bes,41,counts differ (fb2 95 / map 78)
melkiy-bes,42,counts differ (fb2 95 / map 78)
melkiy-bes,43,counts differ (fb2 95 / map 78)
melkiy-bes,44,counts differ (fb2 95 / map 78)
melkiy-bes,47,counts differ (fb2 95 / map 78)
melkiy-bes,48,counts differ (fb2 95 / map 78)
melkiy-bes,49,counts differ (fb2 95 / map 78)
melkiy-bes,50,counts differ (fb2 95 / map 78)
melkiy-bes,51,counts differ (fb2 95 / map 78)
melkiy-bes,52,counts differ (fb2 95 / map 78)
melkiy-bes,53,counts differ (fb2 95 / map 78)
melkiy-bes,54,counts differ (fb2 95 / map 78)
melkiy-bes,55,counts differ (fb2 95 / map 78)
melkiy-bes,56,counts differ (fb2 95 / map 78)
melkiy-bes,57,counts differ (fb2 95 / map 78)
melkiy-bes,58,counts differ (fb2 95 / map 78)
melkiy-bes,59,counts differ (fb2 95 / map 78)
melkiy-bes,60,counts differ (fb2 95 / map 78)
melkiy-bes,61,counts differ (fb2 95 / map 78)
melkiy-bes,62,counts differ (fb2 95 / map 78)
melkiy-bes,63,counts differ (fb2 95 / map 78)
melkiy-bes,64,counts differ (fb2 95 / map 78)
melkiy-bes,65,counts differ (fb2 95 / map 78)
melkiy-bes,66,counts differ (fb2 95 / map 78)
melkiy-bes,67,counts differ (fb2 95 / map 78)
melkiy-bes,68,counts differ (fb2 95 / map 78)
melkiy-bes,69,counts differ (fb2 95 / map 78)
melkiy-bes,70,counts differ (fb2 95 / map 78)
melkiy-bes,71,counts differ (fb2 95 / map 78)
melkiy-bes,72,counts differ (fb2 95 / map 78)
melkiy-bes,73,counts differ (fb2 95 / map 78)
melkiy-bes,74,counts differ (fb2 95 / map 78)
melkiy-bes,75,counts differ (fb2 95 / map 78)
melkiy-bes,76,counts differ (fb2 95 / map 78)
melkiy-bes,77,counts differ (fb2 95 / map 78)
melkiy-bes,78,counts differ (fb2 95 / map 78)
melkiy-bes,79,counts differ (fb2 95 / map 78)
melkiy-bes,80,counts differ (fb2 95 / map 78)
melkiy-bes,81,counts differ (fb2 95 / map 78)
melkiy-bes,82,counts differ (fb2 95 / map 78)
melkiy-bes,83,counts differ (fb2 95 / map 78)
melkiy-bes,84,counts differ (fb2 95 / map 78)
melkiy-bes,85,counts differ (fb2 95 / map 78)
melkiy-bes,86,counts differ (fb2 95 / map 78)
melkiy-bes,88,counts differ (fb2 95 / map 78)
melkiy-bes,89,counts differ (fb2 95 / map 78)
muzhiki,4,matcher not confident
na-dne-spektakl,2,counts differ (fb2 5 / map 4)
na-dne-spektakl,3,counts differ (fb2 5 / map 4)
na-dne-spektakl,4,counts differ (fb2 5 / map 4)
nov,2,matcher not confident
nov,11,matcher not confident
nov,14,matcher not confident
nov,25,matcher not confident
polikushka,0,matcher not confident
polikushka,1,matcher not confident
polikushka,6,matcher not confident
polikushka,8,matcher not confident
polikushka,9,matcher not confident
polikushka,12,matcher not confident
polikushka,13,matcher not confident
polikushka,14,matcher not confident
povesti-pokoynogo-ivana-petrovicha-belkina,2,matcher not confident
povesti-pokoynogo-ivana-petrovicha-belkina,3,matcher not confident
povesti-pokoynogo-ivana-petrovicha-belkina,4,matcher not confident
povesti-pokoynogo-ivana-petrovicha-belkina,5,matcher not confident
prestuplenie-i-nakazanie,0,counts differ (fb2 7 / map 41)
prestuplenie-i-nakazanie,1,counts differ (fb2 7 / map 41)
prestuplenie-i-nakazanie,2,counts differ (fb2 7 / map 41)
prestuplenie-i-nakazanie,3,counts differ (fb2 7 / map 41)
prestuplenie-i-nakazanie,4,counts differ (fb2 7 / map 41)
prestuplenie-i-nakazanie,5,counts differ (fb2 7 / map 41)
prestuplenie-i-nakazanie,6,counts differ (fb2 7 / map 41)
prestuplenie-i-nakazanie,7,counts differ (fb2 7 / map 41)
prestuplenie-i-nakazanie,8,counts differ (fb2 7 / map 41)
prestuplenie-i-nakazanie,9,counts differ (fb2 7 / map 41)
prestuplenie-i-nakazanie,10,counts differ (fb2 7 / map 41)
prestuplenie-i-nakazanie,11,counts differ (fb2 7 / map 41)
prestuplenie-i-nakazanie,12,counts differ (fb2 7 / map 41)
prestuplenie-i-nakazanie,13,counts differ (fb2 7 / map 41)
prestuplenie-i-nakazanie,14,counts differ (fb2 7 / map 41)
prestuplenie-i-nakazanie,15,counts differ (fb2 7 / map 41)
prestuplenie-i-nakazanie,16,counts differ (fb2 7 / map 41)
prestuplenie-i-nakazanie,17,counts differ (fb2 7 / map 41)
prestuplenie-i-nakazanie,18,counts differ (fb2 7 / map 41)
prestuplenie-i-nakazanie,19,counts differ (fb2 7 / map 41)
prestuplenie-i-nakazanie,20,counts differ (fb2 7 / map 41)
prestuplenie-i-nakazanie,21,counts differ (fb2 7 / map 41)
prestuplenie-i-nakazanie,22,counts differ (fb2 7 / map 41)
prestuplenie-i-nakazanie,23,counts differ (fb2 7 / map 41)
prestuplenie-i-nakazanie,24,counts differ (fb2 7 / map 41)
prestuplenie-i-nakazanie,25,counts differ (fb2 7 / map 41)
prestuplenie-i-nakazanie,26,counts differ (fb2 7 / map 41)
prestuplenie-i-nakazanie,27,counts differ (fb2 7 / map 41)
prestuplenie-i-nakazanie,28,counts differ (fb2 7 / map 41)
prestuplenie-i-nakazanie,29,counts differ (fb2 7 / map 41)
prestuplenie-i-nakazanie,30,counts differ (fb2 7 / map 41)
prestuplenie-i-nakazanie,31,counts differ (fb2 7 / map 41)
prestuplenie-i-nakazanie,32,counts differ (fb2 7 / map 41)
prestuplenie-i-nakazanie,33,counts differ (fb2 7 / map 41)
prestuplenie-i-nakazanie,34,counts differ (fb2 7 / map 41)
prestuplenie-i-nakazanie,35,counts differ (fb2 7 / map 41)
prestuplenie-i-nakazanie,36,counts differ (fb2 7 / map 41)
prestuplenie-i-nakazanie,37,counts differ (fb2 7 / map 41)
prestuplenie-i-nakazanie,38,counts differ (fb2 7 / map 41)
prestuplenie-i-nakazanie,39,counts differ (fb2 7 / map 41)
prestuplenie-i-nakazanie,40,counts differ (fb2 7 / map 41)
son-makara,0,matcher not confident
taras-bulba,7,matcher not confident
tri-sestry-spektakl,1,matcher not confident
tri-sestry-spektakl,2,matcher not confident
tri-sestry-spektakl,3,matcher not confident
vishnevyy-sad-spektakl,1,matcher not confident
vishnevyy-sad-spektakl,2,matcher not confident
vishnevyy-sad-spektakl,3,matcher not confident
vlast-tmy-spektakl,1,matcher not confident
vlast-tmy-spektakl,2,matcher not confident
vlast-tmy-spektakl,3,matcher not confident
vlast-tmy-spektakl,4,matcher not confident
yama,10,no captions fetched
yama,11,no captions fetched
zhizn-vasiliya-fiveyskogo,0,counts differ (fb2 12 / map 11)
zhizn-vasiliya-fiveyskogo,1,counts differ (fb2 12 / map 11)
