rank,author,title,year,kind,in_library,words,wikisource,epub,audio,audio_kind,audio_title,duration,audio_note,rights
1,Толстой Л.Н.,Война и мир,1869,novel,voyna-i-mir,443831,https://ru.wikisource.org/wiki/%D0%92%D0%BE%D0%B9%D0%BD%D0%B0_%D0%B8_%D0%BC%D0%B8%D1%80_%28%D0%A2%D0%BE%D0%BB%D1%81%D1%82%D0%BE%D0%B9%29,https://ws-export.wmcloud.org/?format=epub-3&lang=ru&page=%D0%92%D0%BE%D0%B9%D0%BD%D0%B0_%D0%B8_%D0%BC%D0%B8%D1%80_%28%D0%A2%D0%BE%D0%BB%D1%81%D1%82%D0%BE%D0%B9%29,https://www.youtube.com/playlist?list=PLqw8TlHO2G0p78Hw3ik7Zdf53HMqvUoKf,playlist,Война и мир  Том 2  Часть 1   Л  Н  Толстой  Аудиокнига,11:54:49,no single full upload found — playlist covers the whole book,public domain in RU
2,Достоевский Ф.М.,Преступление и наказание,1866,novel,prestuplenie-i-nakazanie,169745,https://ru.wikisource.org/wiki/%D0%9F%D1%80%D0%B5%D1%81%D1%82%D1%83%D0%BF%D0%BB%D0%B5%D0%BD%D0%B8%D0%B5_%D0%B8_%D0%BD%D0%B0%D0%BA%D0%B0%D0%B7%D0%B0%D0%BD%D0%B8%D0%B5_%28%D0%94%D0%BE%D1%81%D1%82%D0%BE%D0%B5%D0%B2%D1%81%D0%BA%D0%B8%D0%B9%29,https://ws-export.wmcloud.org/?format=epub-3&lang=ru&page=%D0%9F%D1%80%D0%B5%D1%81%D1%82%D1%83%D0%BF%D0%BB%D0%B5%D0%BD%D0%B8%D0%B5_%D0%B8_%D0%BD%D0%B0%D0%BA%D0%B0%D0%B7%D0%B0%D0%BD%D0%B8%D0%B5_%28%D0%94%D0%BE%D1%81%D1%82%D0%BE%D0%B5%D0%B2%D1%81%D0%BA%D0%B8%D0%B9%29,https://www.youtube.com/playlist?list=PLqw8TlHO2G0oPVoftUsAfiX77-CvmDQG0,playlist,Аудиокнига - Преступление и наказание - Ф.М. Достоевский - часть 1,11:21:08,may be abridged — check against the playlist,public domain in RU
3,Булгаков М.А.,Мастер и Маргарита,1940,novel,master-i-margarita,112450,,,https://www.youtube.com/watch?v=VEm85UNTsZU,video,Михаил Булгаков. Мастер и Маргарита. Читает Олег Ефремов (1988-1989),9:55:20,,in copyright — no free text source
4,Пушкин А.С.,Евгений Онегин,1833,verse novel,evgeniy-onegin,22385,https://ru.wikisource.org/wiki/%D0%95%D0%B2%D0%B3%D0%B5%D0%BD%D0%B8%D0%B9_%D0%9E%D0%BD%D0%B5%D0%B3%D0%B8%D0%BD_%28%D0%9F%D1%83%D1%88%D0%BA%D0%B8%D0%BD%29,https://ws-export.wmcloud.org/?format=epub-3&lang=ru&page=%D0%95%D0%B2%D0%B3%D0%B5%D0%BD%D0%B8%D0%B9_%D0%9E%D0%BD%D0%B5%D0%B3%D0%B8%D0%BD_%28%D0%9F%D1%83%D1%88%D0%BA%D0%B8%D0%BD%29,https://www.youtube.com/watch?v=DGdPJPvHJA0,video,А.С.Пушкин «Евгений Онегин». Читает Иннокентий Смоктуновский,5:14:00,,public domain in RU
5,Толстой Л.Н.,Анна Каренина,1877,novel,anna-karenina,268593,https://ru.wikisource.org/wiki/%D0%90%D0%BD%D0%BD%D0%B0_%D0%9A%D0%B0%D1%80%D0%B5%D0%BD%D0%B8%D0%BD%D0%B0_%28%D0%A2%D0%BE%D0%BB%D1%81%D1%82%D0%BE%D0%B9%29,https://ws-export.wmcloud.org/?format=epub-3&lang=ru&page=%D0%90%D0%BD%D0%BD%D0%B0_%D0%9A%D0%B0%D1%80%D0%B5%D0%BD%D0%B8%D0%BD%D0%B0_%28%D0%A2%D0%BE%D0%BB%D1%81%D1%82%D0%BE%D0%B9%29,https://www.youtube.com/playlist?list=PLqw8TlHO2G0pQADDboRbYqIC8hUoGrG7_,playlist,Лев Николаевич Толстой: Анна Каренина (аудиокнига) часть пятая и шестая,11:56:32,no single full upload found — playlist covers the whole book,public domain in RU
6,Гоголь Н.В.,Мёртвые души,1842,novel,myortvye-dushi,75243,https://ru.wikisource.org/wiki/%D0%9C%D1%91%D1%80%D1%82%D0%B2%D1%8B%D0%B5_%D0%B4%D1%83%D1%88%D0%B8_%28%D0%93%D0%BE%D0%B3%D0%BE%D0%BB%D1%8C%29,https://ws-export.wmcloud.org/?format=epub-3&lang=ru&page=%D0%9C%D1%91%D1%80%D1%82%D0%B2%D1%8B%D0%B5_%D0%B4%D1%83%D1%88%D0%B8_%28%D0%93%D0%BE%D0%B3%D0%BE%D0%BB%D1%8C%29,https://www.youtube.com/watch?v=yWKTt5eFI14,video,Н.В.Гоголь — МЁРТВЫЕ ДУШИ. Аудиокнига. Читает Пётр Филин,11:59:28,,public domain in RU
7,Достоевский Ф.М.,Братья Карамазовы,1880,novel,bratya-karamazovy,292249,https://ru.wikisource.org/wiki/%D0%91%D1%80%D0%B0%D1%82%D1%8C%D1%8F_%D0%9A%D0%B0%D1%80%D0%B0%D0%BC%D0%B0%D0%B7%D0%BE%D0%B2%D1%8B_%28%D0%94%D0%BE%D1%81%D1%82%D0%BE%D0%B5%D0%B2%D1%81%D0%BA%D0%B8%D0%B9%29,https://ws-export.wmcloud.org/?format=epub-3&lang=ru&page=%D0%91%D1%80%D0%B0%D1%82%D1%8C%D1%8F_%D0%9A%D0%B0%D1%80%D0%B0%D0%BC%D0%B0%D0%B7%D0%BE%D0%B2%D1%8B_%28%D0%94%D0%BE%D1%81%D1%82%D0%BE%D0%B5%D0%B2%D1%81%D0%BA%D0%B8%D0%B9%29,https://www.youtube.com/playlist?list=PLR5uhqVuRc85nGq9URftKiPhm1Cz8zdMC,playlist,«Братья Карамазовы». Фёдор Достоевский. Аудиокнига. 1 часть,11:31:11,no single full upload found — playlist covers the whole book,public domain in RU
8,Лермонтов М.Ю.,Герой нашего времени,1840,novel,geroy-nashego-vremeni,41376,https://ru.wikisource.org/wiki/%D0%93%D0%B5%D1%80%D0%BE%D0%B9_%D0%BD%D0%B0%D1%88%D0%B5%D0%B3%D0%BE_%D0%B2%D1%80%D0%B5%D0%BC%D0%B5%D0%BD%D0%B8_%28%D0%9B%D0%B5%D1%80%D0%BC%D0%BE%D0%BD%D1%82%D0%BE%D0%B2%29,https://ws-export.wmcloud.org/?format=epub-3&lang=ru&page=%D0%93%D0%B5%D1%80%D0%BE%D0%B9_%D0%BD%D0%B0%D1%88%D0%B5%D0%B3%D0%BE_%D0%B2%D1%80%D0%B5%D0%BC%D0%B5%D0%BD%D0%B8_%28%D0%9B%D0%B5%D1%80%D0%BC%D0%BE%D0%BD%D1%82%D0%BE%D0%B2%29,https://www.youtube.com/watch?v=OeX0iwJZ0Rg,video,М.Ю. Лермонтов — «Герой нашего времени» (Аудиокнига),7:27:18,,public domain in RU
9,Тургенев И.С.,Отцы и дети,1862,novel,ottsy-i-deti,54054,https://ru.wikisource.org/wiki/%D0%9E%D1%82%D1%86%D1%8B_%D0%B8_%D0%B4%D0%B5%D1%82%D0%B8_%28%D0%A2%D1%83%D1%80%D0%B3%D0%B5%D0%BD%D0%B5%D0%B2%29,https://ws-export.wmcloud.org/?format=epub-3&lang=ru&page=%D0%9E%D1%82%D1%86%D1%8B_%D0%B8_%D0%B4%D0%B5%D1%82%D0%B8_%28%D0%A2%D1%83%D1%80%D0%B3%D0%B5%D0%BD%D0%B5%D0%B2%29,https://www.youtube.com/watch?v=Rrnah3RDZTc,video,Иван Сергеевич Тургенев. Отцы и дети. аудиокнига,8:00:42,,public domain in RU
10,Достоевский Ф.М.,Идиот,1869,novel,idiot,206190,https://ru.wikisource.org/wiki/%D0%98%D0%B4%D0%B8%D0%BE%D1%82_%28%D0%94%D0%BE%D1%81%D1%82%D0%BE%D0%B5%D0%B2%D1%81%D0%BA%D0%B8%D0%B9%29,https://ws-export.wmcloud.org/?format=epub-3&lang=ru&page=%D0%98%D0%B4%D0%B8%D0%BE%D1%82_%28%D0%94%D0%BE%D1%81%D1%82%D0%BE%D0%B5%D0%B2%D1%81%D0%BA%D0%B8%D0%B9%29,https://www.youtube.com/playlist?list=PLg9uvA98eP6xYH9twkmn6pSxaHM_Lq6k8,playlist,"Фёдор Достоевский, Идиот, Русская классика, аудиокнига",9:33:53,no single full upload found — playlist covers the whole book,public domain in RU
11,Грибоедов А.С.,Горе от ума,1825,play,gore-ot-uma,14562,https://ru.wikisource.org/wiki/%D0%93%D0%BE%D1%80%D0%B5_%D0%BE%D1%82_%D1%83%D0%BC%D0%B0_%28%D0%93%D1%80%D0%B8%D0%B1%D0%BE%D0%B5%D0%B4%D0%BE%D0%B2%29,https://ws-export.wmcloud.org/?format=epub-3&lang=ru&page=%D0%93%D0%BE%D1%80%D0%B5_%D0%BE%D1%82_%D1%83%D0%BC%D0%B0_%28%D0%93%D1%80%D0%B8%D0%B1%D0%BE%D0%B5%D0%B4%D0%BE%D0%B2%29,https://www.youtube.com/watch?v=SPdaDCdhyRU,video,Александр Сергеевич Грибоедов. Горе от ума. аудиокнига,2:56:40,,public domain in RU
12,Гончаров И.А.,Обломов,1859,novel,oblomov,150199,https://ru.wikisource.org/wiki/%D0%9E%D0%B1%D0%BB%D0%BE%D0%BC%D0%BE%D0%B2_%28%D0%93%D0%BE%D0%BD%D1%87%D0%B0%D1%80%D0%BE%D0%B2%29,https://ws-export.wmcloud.org/?format=epub-3&lang=ru&page=%D0%9E%D0%B1%D0%BB%D0%BE%D0%BC%D0%BE%D0%B2_%28%D0%93%D0%BE%D0%BD%D1%87%D0%B0%D1%80%D0%BE%D0%B2%29,https://www.youtube.com/playlist?list=PLqw8TlHO2G0qh5wHgQFzvoxzmbiF0TwBq,playlist,Иван Александрович Гончаров: Обломов (аудиокнига) книга вторая,11:13:59,no single full upload found — playlist covers the whole book,public domain in RU
13,Гоголь Н.В.,Ревизор,1836,play,revizor,20435,https://ru.wikisource.org/wiki/%D0%A0%D0%B5%D0%B2%D0%B8%D0%B7%D0%BE%D1%80_%28%D0%93%D0%BE%D0%B3%D0%BE%D0%BB%D1%8C%29,https://ws-export.wmcloud.org/?format=epub-3&lang=ru&page=%D0%A0%D0%B5%D0%B2%D0%B8%D0%B7%D0%BE%D1%80_%28%D0%93%D0%BE%D0%B3%D0%BE%D0%BB%D1%8C%29,https://www.youtube.com/watch?v=1VixKwbPr-w,video,Ревизор. Н. В. Гоголь. Аудиокнига,2:50:10,,public domain in RU
14,Булгаков М.А.,Собачье сердце,1925,novella,sobache-serdtse,24333,,,https://www.youtube.com/watch?v=7xTBpK37voY,video,СОБАЧЬЕ СЕРДЦЕ. М.А. Булгаков — аудиокнига,4:08:18,,in copyright — no free text source
15,Пушкин А.С.,Капитанская дочка,1836,novel,kapitanskaya-dochka,32644,https://ru.wikisource.org/wiki/%D0%9A%D0%B0%D0%BF%D0%B8%D1%82%D0%B0%D0%BD%D1%81%D0%BA%D0%B0%D1%8F_%D0%B4%D0%BE%D1%87%D0%BA%D0%B0_%28%D0%9F%D1%83%D1%88%D0%BA%D0%B8%D0%BD%29,https://ws-export.wmcloud.org/?format=epub-3&lang=ru&page=%D0%9A%D0%B0%D0%BF%D0%B8%D1%82%D0%B0%D0%BD%D1%81%D0%BA%D0%B0%D1%8F_%D0%B4%D0%BE%D1%87%D0%BA%D0%B0_%28%D0%9F%D1%83%D1%88%D0%BA%D0%B8%D0%BD%29,https://www.youtube.com/watch?v=NxxRd-1DiYs,video,А.С. Пушкин — Капитанская дочка. Читает Иннокентий Смоктуновский,3:45:02,,public domain in RU
16,Чехов А.П.,Вишнёвый сад,1904,play,vishnyovyy-sad,13021,https://ru.wikisource.org/wiki/%D0%92%D0%B8%D1%88%D0%BD%D1%91%D0%B2%D1%8B%D0%B9_%D1%81%D0%B0%D0%B4_%28%D0%A7%D0%B5%D1%85%D0%BE%D0%B2%29,https://ws-export.wmcloud.org/?format=epub-3&lang=ru&page=%D0%92%D0%B8%D1%88%D0%BD%D1%91%D0%B2%D1%8B%D0%B9_%D1%81%D0%B0%D0%B4_%28%D0%A7%D0%B5%D1%85%D0%BE%D0%B2%29,https://www.youtube.com/watch?v=jyq3hIIVclc,video,Аудиокнига. Чехов Антон Павлович. «Вишнёвый сад»,2:14:55,,public domain in RU
17,Шолохов М.А.,Тихий Дон,1940,novel,tikhiy-don,421316,,,https://www.youtube.com/playlist?list=PLMikZ-ywSn8s,playlist,"Тихий Дон. Михаил Шолохов. Книга первая, часть вторая. Аудиокнига",7:24:04,no single full upload found — playlist covers the whole book,in copyright — no free text source
18,Достоевский Ф.М.,Бесы,1872,novel,besy,204990,https://ru.wikisource.org/wiki/%D0%91%D0%B5%D1%81%D1%8B_%28%D0%94%D0%BE%D1%81%D1%82%D0%BE%D0%B5%D0%B2%D1%81%D0%BA%D0%B8%D0%B9%29,https://ws-export.wmcloud.org/?format=epub-3&lang=ru&page=%D0%91%D0%B5%D1%81%D1%8B_%28%D0%94%D0%BE%D1%81%D1%82%D0%BE%D0%B5%D0%B2%D1%81%D0%BA%D0%B8%D0%B9%29,https://www.youtube.com/playlist?list=PLwjzPnvOSoqn4v2vYxhmAQFuC3q51rb49,playlist,«Бесы» Ф.М. Достоевский. Часть 1. Аудиокнига,11:36:24,no single full upload found — playlist covers the whole book,public domain in RU
19,Пастернак Б.Л.,Доктор Живаго,1957,novel,doktor-zhivago,152689,,,https://www.youtube.com/watch?v=zfMPHcH3X58,video,Доктор Живаго — часть 1 из 3 (полная версия),8:57:47,part 1 only; the rest is on the same channel,in copyright — no free text source
20,Замятин Е.И.,Мы,1920,novel,zamyatin-my,44829,https://ru.wikisource.org/wiki/%D0%9C%D1%8B_%28%D0%97%D0%B0%D0%BC%D1%8F%D1%82%D0%B8%D0%BD%29,https://ws-export.wmcloud.org/?format=epub-3&lang=ru&page=%D0%9C%D1%8B_%28%D0%97%D0%B0%D0%BC%D1%8F%D1%82%D0%B8%D0%BD%29,https://www.youtube.com/watch?v=ANXqTFHzx1g,video,Евгений Замятин. Мы. аудиокнига,6:24:07,,public domain in RU
21,Гоголь Н.В.,Шинель,1842,story,shinel,10010,https://ru.wikisource.org/wiki/%D0%A8%D0%B8%D0%BD%D0%B5%D0%BB%D1%8C_%28%D0%93%D0%BE%D0%B3%D0%BE%D0%BB%D1%8C%29,https://ws-export.wmcloud.org/?format=epub-3&lang=ru&page=%D0%A8%D0%B8%D0%BD%D0%B5%D0%BB%D1%8C_%28%D0%93%D0%BE%D0%B3%D0%BE%D0%BB%D1%8C%29,https://www.youtube.com/watch?v=VfmueRZCT-I,video,Николай Васильевич Гоголь. Шинель. аудиокнига,1:28:56,,public domain in RU
22,Чехов А.П.,Три сестры,1901,play,tri-sestry,16345,https://ru.wikisource.org/wiki/%D0%A2%D1%80%D0%B8_%D1%81%D0%B5%D1%81%D1%82%D1%80%D1%8B_%28%D0%A7%D0%B5%D1%85%D0%BE%D0%B2%29,https://ws-export.wmcloud.org/?format=epub-3&lang=ru&page=%D0%A2%D1%80%D0%B8_%D1%81%D0%B5%D1%81%D1%82%D1%80%D1%8B_%28%D0%A7%D0%B5%D1%85%D0%BE%D0%B2%29,https://www.youtube.com/watch?v=vO915TNng90,video,Чехов. Три сестры. МХАТ (1984),3:10:37,,public domain in RU
23,Островский А.Н.,Гроза,1859,play,groza,14989,https://ru.wikisource.org/wiki/%D0%93%D1%80%D0%BE%D0%B7%D0%B0_%28%D0%9E%D1%81%D1%82%D1%80%D0%BE%D0%B2%D1%81%D0%BA%D0%B8%D0%B9%29/%D0%9F%D0%A1%D0%A1_1950_%28%D0%A1%D0%9E%29,https://ws-export.wmcloud.org/?format=epub-3&lang=ru&page=%D0%93%D1%80%D0%BE%D0%B7%D0%B0_%28%D0%9E%D1%81%D1%82%D1%80%D0%BE%D0%B2%D1%81%D0%BA%D0%B8%D0%B9%29/%D0%9F%D0%A1%D0%A1_1950_%28%D0%A1%D0%9E%29,https://www.youtube.com/watch?v=fdNthke_Enw,video,Островский. Гроза. Малый театр (1977),2:41:33,,public domain in RU
24,Горький М.,На дне,1902,play,na-dne,16288,https://ru.wikisource.org/wiki/%D0%9D%D0%B0_%D0%B4%D0%BD%D0%B5_%28%D0%93%D0%BE%D1%80%D1%8C%D0%BA%D0%B8%D0%B9%29,https://ws-export.wmcloud.org/?format=epub-3&lang=ru&page=%D0%9D%D0%B0_%D0%B4%D0%BD%D0%B5_%28%D0%93%D0%BE%D1%80%D1%8C%D0%BA%D0%B8%D0%B9%29,https://www.youtube.com/watch?v=uO_GRxCPbu0,video,На дне. Максим Горький. Театр «Современник» (1972),2:50:38,,public domain in RU
25,Солженицын А.И.,Один день Ивана Денисовича,1962,novella,,,,,https://www.youtube.com/watch?v=0ERZVZXN0rQ,video,Солженицын читает «Один день Ивана Денисовича». Полная запись,4:18:08,,in copyright — no free text source
26,Тургенев И.С.,Му-му,1854,story,mu-mu,8388,https://ru.wikisource.org/wiki/%D0%9C%D1%83%D0%BC%D1%83_%28%D0%A2%D1%83%D1%80%D0%B3%D0%B5%D0%BD%D0%B5%D0%B2%29,https://ws-export.wmcloud.org/?format=epub-3&lang=ru&page=%D0%9C%D1%83%D0%BC%D1%83_%28%D0%A2%D1%83%D1%80%D0%B3%D0%B5%D0%BD%D0%B5%D0%B2%29,https://www.youtube.com/watch?v=q4_FuEeelDg,video,Иван Сергеевич Тургенев. Муму. аудиокнига,1:02:41,,public domain in RU
27,Чехов А.П.,Дама с собачкой,1899,story,dama-s-sobachkoy,5210,https://ru.wikisource.org/wiki/%D0%94%D0%B0%D0%BC%D0%B0_%D1%81_%D1%81%D0%BE%D0%B1%D0%B0%D1%87%D0%BA%D0%BE%D0%B9_%28%D0%A7%D0%B5%D1%85%D0%BE%D0%B2%29,https://ws-export.wmcloud.org/?format=epub-3&lang=ru&page=%D0%94%D0%B0%D0%BC%D0%B0_%D1%81_%D1%81%D0%BE%D0%B1%D0%B0%D1%87%D0%BA%D0%BE%D0%B9_%28%D0%A7%D0%B5%D1%85%D0%BE%D0%B2%29,https://www.youtube.com/watch?v=O2uXYFN9kUA,video,«Дама с собачкой». А.П. Чехов. Читает Владимир Антоник,53:52,,public domain in RU
28,Гоголь Н.В.,Тарас Бульба,1842,novella,taras-bulba,36708,https://ru.wikisource.org/wiki/%D0%A2%D0%B0%D1%80%D0%B0%D1%81_%D0%91%D1%83%D0%BB%D1%8C%D0%B1%D0%B0_%28%D0%93%D0%BE%D0%B3%D0%BE%D0%BB%D1%8C%29,https://ws-export.wmcloud.org/?format=epub-3&lang=ru&page=%D0%A2%D0%B0%D1%80%D0%B0%D1%81_%D0%91%D1%83%D0%BB%D1%8C%D0%B1%D0%B0_%28%D0%93%D0%BE%D0%B3%D0%BE%D0%BB%D1%8C%29,https://www.youtube.com/watch?v=CJMvJ8av-fk,video,Гоголь Николай Васильевич — Тарас Бульба {аудиокнига},5:40:10,,public domain in RU
29,Пушкин А.С.,Пиковая дама,1834,story,pikovaya-dama,6872,https://ru.wikisource.org/wiki/%D0%9F%D0%B8%D0%BA%D0%BE%D0%B2%D0%B0%D1%8F_%D0%B4%D0%B0%D0%BC%D0%B0_%28%D0%9F%D1%83%D1%88%D0%BA%D0%B8%D0%BD%29,https://ws-export.wmcloud.org/?format=epub-3&lang=ru&page=%D0%9F%D0%B8%D0%BA%D0%BE%D0%B2%D0%B0%D1%8F_%D0%B4%D0%B0%D0%BC%D0%B0_%28%D0%9F%D1%83%D1%88%D0%BA%D0%B8%D0%BD%29,https://www.youtube.com/watch?v=j2HnCjLGGHg,video,"Пиковая дама. Александр Пушкин. Литературные чтения, 1986",1:12:21,,public domain in RU
30,Ильф И. и Петров Е.,Двенадцать стульев,1928,novel,dvenadtsat-stulev,78579,https://ru.wikisource.org/wiki/%D0%94%D0%B2%D0%B5%D0%BD%D0%B0%D0%B4%D1%86%D0%B0%D1%82%D1%8C_%D1%81%D1%82%D1%83%D0%BB%D1%8C%D0%B5%D0%B2_%28%D0%98%D0%BB%D1%8C%D1%84_%D0%B8_%D0%9F%D0%B5%D1%82%D1%80%D0%BE%D0%B2%29,https://ws-export.wmcloud.org/?format=epub-3&lang=ru&page=%D0%94%D0%B2%D0%B5%D0%BD%D0%B0%D0%B4%D1%86%D0%B0%D1%82%D1%8C_%D1%81%D1%82%D1%83%D0%BB%D1%8C%D0%B5%D0%B2_%28%D0%98%D0%BB%D1%8C%D1%84_%D0%B8_%D0%9F%D0%B5%D1%82%D1%80%D0%BE%D0%B2%29,https://www.youtube.com/watch?v=OFMwE7OZfa0,video,И. Ильф и Е. Петров «Двенадцать стульев». Читает Вениамин Смехов,8:56:31,,public domain in RU
31,Достоевский Ф.М.,Записки из подполья,1864,novella,zapiski-iz-podpolya,34677,https://ru.wikisource.org/wiki/%D0%97%D0%B0%D0%BF%D0%B8%D1%81%D0%BA%D0%B8_%D0%B8%D0%B7_%D0%BF%D0%BE%D0%B4%D0%BF%D0%BE%D0%BB%D1%8C%D1%8F_%28%D0%94%D0%BE%D1%81%D1%82%D0%BE%D0%B5%D0%B2%D1%81%D0%BA%D0%B8%D0%B9%29,https://ws-export.wmcloud.org/?format=epub-3&lang=ru&page=%D0%97%D0%B0%D0%BF%D0%B8%D1%81%D0%BA%D0%B8_%D0%B8%D0%B7_%D0%BF%D0%BE%D0%B4%D0%BF%D0%BE%D0%BB%D1%8C%D1%8F_%28%D0%94%D0%BE%D1%81%D1%82%D0%BE%D0%B5%D0%B2%D1%81%D0%BA%D0%B8%D0%B9%29,https://www.youtube.com/watch?v=OdHw5QqFrqA,video,Фёдор Михайлович Достоевский. Записки из подполья. аудиокнига,5:25:50,,public domain in RU
32,Толстой Л.Н.,Смерть Ивана Ильича,1886,novella,smert-ivana-ilicha,17329,https://ru.wikisource.org/wiki/%D0%A1%D0%BC%D0%B5%D1%80%D1%82%D1%8C_%D0%98%D0%B2%D0%B0%D0%BD%D0%B0_%D0%98%D0%BB%D1%8C%D0%B8%D1%87%D0%B0_%28%D0%A2%D0%BE%D0%BB%D1%81%D1%82%D0%BE%D0%B9%29,https://ws-export.wmcloud.org/?format=epub-3&lang=ru&page=%D0%A1%D0%BC%D0%B5%D1%80%D1%82%D1%8C_%D0%98%D0%B2%D0%B0%D0%BD%D0%B0_%D0%98%D0%BB%D1%8C%D0%B8%D1%87%D0%B0_%28%D0%A2%D0%BE%D0%BB%D1%81%D1%82%D0%BE%D0%B9%29,https://www.youtube.com/watch?v=fiBwPQ3v-Yw,video,Лев Николаевич Толстой. Смерть Ивана Ильича. аудиокнига,2:40:47,,public domain in RU
33,Чехов А.П.,Чайка,1896,play,chayka,13635,https://ru.wikisource.org/wiki/%D0%A7%D0%B0%D0%B9%D0%BA%D0%B0_%28%D0%A7%D0%B5%D1%85%D0%BE%D0%B2%29,https://ws-export.wmcloud.org/?format=epub-3&lang=ru&page=%D0%A7%D0%B0%D0%B9%D0%BA%D0%B0_%28%D0%A7%D0%B5%D1%85%D0%BE%D0%B2%29,https://www.youtube.com/watch?v=cf43gBusKbY,video,Чехов. Чайка. МХАТ им. Горького (1974),2:48:59,,public domain in RU
34,Чехов А.П.,Палата № 6,1892,novella,palata-6,16040,https://ru.wikisource.org/wiki/%D0%9F%D0%B0%D0%BB%D0%B0%D1%82%D0%B0_%E2%84%96_6_%28%D0%A7%D0%B5%D1%85%D0%BE%D0%B2%29,https://ws-export.wmcloud.org/?format=epub-3&lang=ru&page=%D0%9F%D0%B0%D0%BB%D0%B0%D1%82%D0%B0_%E2%84%96_6_%28%D0%A7%D0%B5%D1%85%D0%BE%D0%B2%29,https://www.youtube.com/watch?v=ev7W9zrO-SI,video,Палата №6. Рассказ. Чехов. Аудиокниги,2:24:33,,public domain in RU
35,Гоголь Н.В.,Вий,1835,novella,viy,11642,https://ru.wikisource.org/wiki/%D0%92%D0%B8%D0%B9_%28%D0%93%D0%BE%D0%B3%D0%BE%D0%BB%D1%8C%29,https://ws-export.wmcloud.org/?format=epub-3&lang=ru&page=%D0%92%D0%B8%D0%B9_%28%D0%93%D0%BE%D0%B3%D0%BE%D0%BB%D1%8C%29,https://www.youtube.com/watch?v=Aa5GVNiQGTE,video,Н.В. Гоголь — Вий (Аудиокнига),1:31:09,,public domain in RU
36,Тургенев И.С.,Записки охотника,1852,stories,zapiski-okhotnika,89509,https://ru.wikisource.org/wiki/%D0%97%D0%B0%D0%BF%D0%B8%D1%81%D0%BA%D0%B8_%D0%BE%D1%85%D0%BE%D1%82%D0%BD%D0%B8%D0%BA%D0%B0_%28%D0%A2%D1%83%D1%80%D0%B3%D0%B5%D0%BD%D0%B5%D0%B2%29,https://ws-export.wmcloud.org/?format=epub-3&lang=ru&page=%D0%97%D0%B0%D0%BF%D0%B8%D1%81%D0%BA%D0%B8_%D0%BE%D1%85%D0%BE%D1%82%D0%BD%D0%B8%D0%BA%D0%B0_%28%D0%A2%D1%83%D1%80%D0%B3%D0%B5%D0%BD%D0%B5%D0%B2%29,https://www.youtube.com/playlist?list=PLwbVfq-OcyKo7QKUwU0zPeEx8kbBObO4s,playlist,Рассказ «Записки охотника». И. С. Тургенев. Аудиокнига,2:10:26,no single full upload found — playlist covers the whole book,public domain in RU
37,Лермонтов М.Ю.,Мцыри,1839,poem,mtsyri,3355,https://ru.wikisource.org/wiki/%D0%9C%D1%86%D1%8B%D1%80%D0%B8_%28%D0%9B%D0%B5%D1%80%D0%BC%D0%BE%D0%BD%D1%82%D0%BE%D0%B2%29,https://ws-export.wmcloud.org/?format=epub-3&lang=ru&page=%D0%9C%D1%86%D1%8B%D1%80%D0%B8_%28%D0%9B%D0%B5%D1%80%D0%BC%D0%BE%D0%BD%D1%82%D0%BE%D0%B2%29,https://www.youtube.com/watch?v=XjzFOdl7lCw,video,«Мцыри». М. Ю. Лермонтов. Аудиокнига,32:30,,public domain in RU
38,Булгаков М.А.,Белая гвардия,1925,novel,belaya-gvardiya,70940,https://ru.wikisource.org/wiki/%D0%91%D0%B5%D0%BB%D0%B0%D1%8F_%D0%B3%D0%B2%D0%B0%D1%80%D0%B4%D0%B8%D1%8F_%28%D0%91%D1%83%D0%BB%D0%B3%D0%B0%D0%BA%D0%BE%D0%B2%29,https://ws-export.wmcloud.org/?format=epub-3&lang=ru&page=%D0%91%D0%B5%D0%BB%D0%B0%D1%8F_%D0%B3%D0%B2%D0%B0%D1%80%D0%B4%D0%B8%D1%8F_%28%D0%91%D1%83%D0%BB%D0%B3%D0%B0%D0%BA%D0%BE%D0%B2%29,https://www.youtube.com/watch?v=VMz0V-2fyWM,video,БЕЛАЯ ГВАРДИЯ. Булгаков М.А. — аудиокнига,11:15:31,,public domain in RU
39,Куприн А.И.,Гранатовый браслет,1911,novella,granatovyy-braslet,13875,https://ru.wikisource.org/wiki/%D0%93%D1%80%D0%B0%D0%BD%D0%B0%D1%82%D0%BE%D0%B2%D1%8B%D0%B9_%D0%B1%D1%80%D0%B0%D1%81%D0%BB%D0%B5%D1%82_%28%D0%9A%D1%83%D0%BF%D1%80%D0%B8%D0%BD%29,https://ws-export.wmcloud.org/?format=epub-3&lang=ru&page=%D0%93%D1%80%D0%B0%D0%BD%D0%B0%D1%82%D0%BE%D0%B2%D1%8B%D0%B9_%D0%B1%D1%80%D0%B0%D1%81%D0%BB%D0%B5%D1%82_%28%D0%9A%D1%83%D0%BF%D1%80%D0%B8%D0%BD%29,https://www.youtube.com/watch?v=Xbyjxx1lQZQ,video,Александр Иванович Куприн. Гранатовый браслет. аудиокнига,2:09:30,,public domain in RU
40,Бунин И.А.,Тёмные аллеи,1946,stories,tyomnye-allei,1273,https://ru.wikisource.org/wiki/%D0%A2%D1%91%D0%BC%D0%BD%D1%8B%D0%B5_%D0%B0%D0%BB%D0%BB%D0%B5%D0%B8_%28%D0%91%D1%83%D0%BD%D0%B8%D0%BD%29,https://ws-export.wmcloud.org/?format=epub-3&lang=ru&page=%D0%A2%D1%91%D0%BC%D0%BD%D1%8B%D0%B5_%D0%B0%D0%BB%D0%BB%D0%B5%D0%B8_%28%D0%91%D1%83%D0%BD%D0%B8%D0%BD%29,https://www.youtube.com/watch?v=6_03Bpqs7YQ,video,Иван Бунин — Тёмные аллеи (чит. Василий Куприянов),10:37:56,,public domain in RU
41,Достоевский Ф.М.,Игрок,1866,novel,igrok,43923,https://ru.wikisource.org/wiki/%D0%98%D0%B3%D1%80%D0%BE%D0%BA_%28%D0%94%D0%BE%D1%81%D1%82%D0%BE%D0%B5%D0%B2%D1%81%D0%BA%D0%B8%D0%B9%29,https://ws-export.wmcloud.org/?format=epub-3&lang=ru&page=%D0%98%D0%B3%D1%80%D0%BE%D0%BA_%28%D0%94%D0%BE%D1%81%D1%82%D0%BE%D0%B5%D0%B2%D1%81%D0%BA%D0%B8%D0%B9%29,https://www.youtube.com/watch?v=FK9HwOco8s8,video,Игрок. Роман. Достоевский. Аудиокниги,6:12:36,,public domain in RU
42,Салтыков-Щедрин М.Е.,Господа Головлёвы,1880,novel,gospoda-golovlevy,89173,https://ru.wikisource.org/wiki/%D0%93%D0%BE%D1%81%D0%BF%D0%BE%D0%B4%D0%B0_%D0%93%D0%BE%D0%BB%D0%BE%D0%B2%D0%BB%D1%91%D0%B2%D1%8B_%28%D0%A1%D0%B0%D0%BB%D1%82%D1%8B%D0%BA%D0%BE%D0%B2-%D0%A9%D0%B5%D0%B4%D1%80%D0%B8%D0%BD%29,https://ws-export.wmcloud.org/?format=epub-3&lang=ru&page=%D0%93%D0%BE%D1%81%D0%BF%D0%BE%D0%B4%D0%B0_%D0%93%D0%BE%D0%BB%D0%BE%D0%B2%D0%BB%D1%91%D0%B2%D1%8B_%28%D0%A1%D0%B0%D0%BB%D1%82%D1%8B%D0%BA%D0%BE%D0%B2-%D0%A9%D0%B5%D0%B4%D1%80%D0%B8%D0%BD%29,https://www.youtube.com/watch?v=eFS0jQOlijs,video,Господа Головлёвы. Салтыков-Щедрин. Роман,12:29:12,,public domain in RU
43,Пушкин А.С.,Медный всадник,1837,poem,mednyy-vsadnik,2107,https://ru.wikisource.org/wiki/%D0%9C%D0%B5%D0%B4%D0%BD%D1%8B%D0%B9_%D0%B2%D1%81%D0%B0%D0%B4%D0%BD%D0%B8%D0%BA_%28%D0%9F%D1%83%D1%88%D0%BA%D0%B8%D0%BD%29,https://ws-export.wmcloud.org/?format=epub-3&lang=ru&page=%D0%9C%D0%B5%D0%B4%D0%BD%D1%8B%D0%B9_%D0%B2%D1%81%D0%B0%D0%B4%D0%BD%D0%B8%D0%BA_%28%D0%9F%D1%83%D1%88%D0%BA%D0%B8%D0%BD%29,https://www.youtube.com/watch?v=1RoXw89GjaM,video,«Медный всадник». А.С. Пушкин. Читает Владимир Антоник,30:49,,public domain in RU
44,Чехов А.П.,Дядя Ваня,1897,play,dyadya-vanya,12559,https://ru.wikisource.org/wiki/%D0%94%D1%8F%D0%B4%D1%8F_%D0%92%D0%B0%D0%BD%D1%8F_%28%D0%A7%D0%B5%D1%85%D0%BE%D0%B2%29,https://ws-export.wmcloud.org/?format=epub-3&lang=ru&page=%D0%94%D1%8F%D0%B4%D1%8F_%D0%92%D0%B0%D0%BD%D1%8F_%28%D0%A7%D0%B5%D1%85%D0%BE%D0%B2%29,https://www.youtube.com/watch?v=JYBBYKKi1W4,video,Чехов. Дядя Ваня. БДТ. Постановка Товстоногова (1986),2:38:20,,public domain in RU
45,Горький М.,Мать,1906,novel,mat,86007,https://ru.wikisource.org/wiki/%D0%9C%D0%B0%D1%82%D1%8C_%28%D0%93%D0%BE%D1%80%D1%8C%D0%BA%D0%B8%D0%B9%29,https://ws-export.wmcloud.org/?format=epub-3&lang=ru&page=%D0%9C%D0%B0%D1%82%D1%8C_%28%D0%93%D0%BE%D1%80%D1%8C%D0%BA%D0%B8%D0%B9%29,https://www.youtube.com/watch?v=yhzpV9H4dPM,video,Максим Горький. Мать. Аудиокнига,11:59:50,,public domain in RU
46,Толстой Л.Н.,Воскресение,1899,novel,voskresenie,135658,https://ru.wikisource.org/wiki/%D0%92%D0%BE%D1%81%D0%BA%D1%80%D0%B5%D1%81%D0%B5%D0%BD%D0%B8%D0%B5_%28%D0%A2%D0%BE%D0%BB%D1%81%D1%82%D0%BE%D0%B9%29,https://ws-export.wmcloud.org/?format=epub-3&lang=ru&page=%D0%92%D0%BE%D1%81%D0%BA%D1%80%D0%B5%D1%81%D0%B5%D0%BD%D0%B8%D0%B5_%28%D0%A2%D0%BE%D0%BB%D1%81%D1%82%D0%BE%D0%B9%29,https://www.youtube.com/playlist?list=PLQMl76KwLiCfOZT92blc6iGrU-3_YPAyH,playlist,Лев Николаевич Толстой. Воскресение (часть 2). аудиокнига,9:41:05,no single full upload found — playlist covers the whole book,public domain in RU
47,Гоголь Н.В.,Нос,1836,story,nos,7650,https://ru.wikisource.org/wiki/%D0%9D%D0%BE%D1%81_%28%D0%93%D0%BE%D0%B3%D0%BE%D0%BB%D1%8C%29,https://ws-export.wmcloud.org/?format=epub-3&lang=ru&page=%D0%9D%D0%BE%D1%81_%28%D0%93%D0%BE%D0%B3%D0%BE%D0%BB%D1%8C%29,https://www.youtube.com/watch?v=rnS74Te0NyM,video,Аудиокнига. Гоголь Николай Васильевич. «Нос»,1:10:28,,public domain in RU
48,Чехов А.П.,Каштанка,1887,story,kashtanka,5857,https://ru.wikisource.org/wiki/%D0%9A%D0%B0%D1%88%D1%82%D0%B0%D0%BD%D0%BA%D0%B0_%28%D0%A7%D0%B5%D1%85%D0%BE%D0%B2%29,https://ws-export.wmcloud.org/?format=epub-3&lang=ru&page=%D0%9A%D0%B0%D1%88%D1%82%D0%B0%D0%BD%D0%BA%D0%B0_%28%D0%A7%D0%B5%D1%85%D0%BE%D0%B2%29,https://www.youtube.com/watch?v=pG9aIQa_eTE,video,А.П. Чехов «Каштанка». Читает Александр Клюквин,50:05,,public domain in RU
49,Островский Н.А.,Как закалялась сталь,1934,novel,kak-zakalyalas-stal,97674,https://ru.wikisource.org/wiki/%D0%9A%D0%B0%D0%BA_%D0%B7%D0%B0%D0%BA%D0%B0%D0%BB%D1%8F%D0%BB%D0%B0%D1%81%D1%8C_%D1%81%D1%82%D0%B0%D0%BB%D1%8C_%28%D0%9E%D1%81%D1%82%D1%80%D0%BE%D0%B2%D1%81%D0%BA%D0%B8%D0%B9%29,https://ws-export.wmcloud.org/?format=epub-3&lang=ru&page=%D0%9A%D0%B0%D0%BA_%D0%B7%D0%B0%D0%BA%D0%B0%D0%BB%D1%8F%D0%BB%D0%B0%D1%81%D1%8C_%D1%81%D1%82%D0%B0%D0%BB%D1%8C_%28%D0%9E%D1%81%D1%82%D1%80%D0%BE%D0%B2%D1%81%D0%BA%D0%B8%D0%B9%29,https://www.youtube.com/playlist?list=PLgv2AjzG3VMFtFdWwos1D9ghl-PtokD7g,playlist,Николай Островский. Как закалялась сталь. Часть первая,7:19:28,part 1 only; the rest is on the same channel,public domain in RU
50,Тургенев И.С.,Ася,1858,novella,asya,13758,https://ru.wikisource.org/wiki/%D0%90%D1%81%D1%8F_%28%D0%A2%D1%83%D1%80%D0%B3%D0%B5%D0%BD%D0%B5%D0%B2%29,https://ws-export.wmcloud.org/?format=epub-3&lang=ru&page=%D0%90%D1%81%D1%8F_%28%D0%A2%D1%83%D1%80%D0%B3%D0%B5%D0%BD%D0%B5%D0%B2%29,https://www.youtube.com/watch?v=r7murt_YLYE,video,Иван Сергеевич Тургенев. Ася. аудиокнига,2:10:25,,public domain in RU
51,Пушкин А.С.,Дубровский,1841,novel,dubrovskiy,20461,https://ru.wikisource.org/wiki/%D0%94%D1%83%D0%B1%D1%80%D0%BE%D0%B2%D1%81%D0%BA%D0%B8%D0%B9_%28%D0%9F%D1%83%D1%88%D0%BA%D0%B8%D0%BD%29,https://ws-export.wmcloud.org/?format=epub-3&lang=ru&page=%D0%94%D1%83%D0%B1%D1%80%D0%BE%D0%B2%D1%81%D0%BA%D0%B8%D0%B9_%28%D0%9F%D1%83%D1%88%D0%BA%D0%B8%D0%BD%29,https://www.youtube.com/watch?v=rHZ1xBI69W4,video,Александр Сергеевич Пушкин. Дубровский. Аудиокнига,3:24:22,,public domain in RU
52,Твардовский А.Т.,Василий Тёркин,1945,poem,,,,,https://www.youtube.com/watch?v=J__OCnxHOXo,video,Твардовский. Василий Тёркин. Читает Олег Табаков (1979),2:11:58,,in copyright — no free text source
53,Достоевский Ф.М.,Белые ночи,1848,novella,belye-nochi,16847,https://ru.wikisource.org/wiki/%D0%91%D0%B5%D0%BB%D1%8B%D0%B5_%D0%BD%D0%BE%D1%87%D0%B8_%28%D0%94%D0%BE%D1%81%D1%82%D0%BE%D0%B5%D0%B2%D1%81%D0%BA%D0%B8%D0%B9%29,https://ws-export.wmcloud.org/?format=epub-3&lang=ru&page=%D0%91%D0%B5%D0%BB%D1%8B%D0%B5_%D0%BD%D0%BE%D1%87%D0%B8_%28%D0%94%D0%BE%D1%81%D1%82%D0%BE%D0%B5%D0%B2%D1%81%D0%BA%D0%B8%D0%B9%29,https://www.youtube.com/watch?v=935W3aoOIz8,video,Фёдор Михайлович Достоевский. Белые ночи. аудиокнига,2:02:28,,public domain in RU
54,Лермонтов М.Ю.,Демон,1839,poem,demon,4817,https://ru.wikisource.org/wiki/%D0%94%D0%B5%D0%BC%D0%BE%D0%BD_%28%D0%9B%D0%B5%D1%80%D0%BC%D0%BE%D0%BD%D1%82%D0%BE%D0%B2%29,https://ws-export.wmcloud.org/?format=epub-3&lang=ru&page=%D0%94%D0%B5%D0%BC%D0%BE%D0%BD_%28%D0%9B%D0%B5%D1%80%D0%BC%D0%BE%D0%BD%D1%82%D0%BE%D0%B2%29,https://www.youtube.com/watch?v=5BoHUyqyMZA,video,Михаил Лермонтов — Демон,1:00:07,,public domain in RU
55,Гоголь Н.В.,Вечера на хуторе близ Диканьки,1832,stories,vechera-na-khutore-bliz-dikanki,46595,https://ru.wikisource.org/wiki/%D0%92%D0%B5%D1%87%D0%B5%D1%80%D0%B0_%D0%BD%D0%B0_%D1%85%D1%83%D1%82%D0%BE%D1%80%D0%B5_%D0%B1%D0%BB%D0%B8%D0%B7_%D0%94%D0%B8%D0%BA%D0%B0%D0%BD%D1%8C%D0%BA%D0%B8_%28%D0%93%D0%BE%D0%B3%D0%BE%D0%BB%D1%8C%29,https://ws-export.wmcloud.org/?format=epub-3&lang=ru&page=%D0%92%D0%B5%D1%87%D0%B5%D1%80%D0%B0_%D0%BD%D0%B0_%D1%85%D1%83%D1%82%D0%BE%D1%80%D0%B5_%D0%B1%D0%BB%D0%B8%D0%B7_%D0%94%D0%B8%D0%BA%D0%B0%D0%BD%D1%8C%D0%BA%D0%B8_%28%D0%93%D0%BE%D0%B3%D0%BE%D0%BB%D1%8C%29,https://www.youtube.com/watch?v=ORrJh3rBer4,video,Николай Васильевич Гоголь: Вечера на хуторе близ Диканьки (аудиокнига),9:12:32,,public domain in RU
56,Солженицын А.И.,Матрёнин двор,1963,story,,,,,https://www.youtube.com/watch?v=g09_L-RB19E,video,«Матрёнин двор». Александр Солженицын,1:49:46,,in copyright — no free text source
57,Бунин И.А.,Господин из Сан-Франциско,1915,story,gospodin-iz-san-frantsisko,6275,https://ru.wikisource.org/wiki/%D0%93%D0%BE%D1%81%D0%BF%D0%BE%D0%B4%D0%B8%D0%BD_%D0%B8%D0%B7_%D0%A1%D0%B0%D0%BD-%D0%A4%D1%80%D0%B0%D0%BD%D1%86%D0%B8%D1%81%D0%BA%D0%BE_%28%D0%91%D1%83%D0%BD%D0%B8%D0%BD%29,https://ws-export.wmcloud.org/?format=epub-3&lang=ru&page=%D0%93%D0%BE%D1%81%D0%BF%D0%BE%D0%B4%D0%B8%D0%BD_%D0%B8%D0%B7_%D0%A1%D0%B0%D0%BD-%D0%A4%D1%80%D0%B0%D0%BD%D1%86%D0%B8%D1%81%D0%BA%D0%BE_%28%D0%91%D1%83%D0%BD%D0%B8%D0%BD%29,https://www.youtube.com/watch?v=PJxlvNlb_vY,video,Господин из Сан-Франциско. Рассказ. Бунин. Аудиокнига,51:44,,public domain in RU
58,Тургенев И.С.,Первая любовь,1860,novella,pervaya-lyubov,18700,https://ru.wikisource.org/wiki/%D0%9F%D0%B5%D1%80%D0%B2%D0%B0%D1%8F_%D0%BB%D1%8E%D0%B1%D0%BE%D0%B2%D1%8C_%28%D0%A2%D1%83%D1%80%D0%B3%D0%B5%D0%BD%D0%B5%D0%B2%29,https://ws-export.wmcloud.org/?format=epub-3&lang=ru&page=%D0%9F%D0%B5%D1%80%D0%B2%D0%B0%D1%8F_%D0%BB%D1%8E%D0%B1%D0%BE%D0%B2%D1%8C_%28%D0%A2%D1%83%D1%80%D0%B3%D0%B5%D0%BD%D0%B5%D0%B2%29,https://www.youtube.com/watch?v=2Cgaa-RVEVA,video,Иван Сергеевич Тургенев. Первая любовь. аудиокнига,2:47:06,,public domain in RU
59,Куприн А.И.,Олеся,1898,novella,olesya,22136,https://ru.wikisource.org/wiki/%D0%9E%D0%BB%D0%B5%D1%81%D1%8F_%28%D0%9A%D1%83%D0%BF%D1%80%D0%B8%D0%BD%29,https://ws-export.wmcloud.org/?format=epub-3&lang=ru&page=%D0%9E%D0%BB%D0%B5%D1%81%D1%8F_%28%D0%9A%D1%83%D0%BF%D1%80%D0%B8%D0%BD%29,https://www.youtube.com/watch?v=McunRf_P_Rk,video,Александр Куприн — Олеся — аудиокнига,3:17:18,,public domain in RU
60,Пушкин А.С.,Повести покойного Ивана Петровича Белкина,1831,stories,povesti-pokoynogo-ivana-petrovicha-belkina,18867,https://ru.wikisource.org/wiki/%D0%9F%D0%BE%D0%B2%D0%B5%D1%81%D1%82%D0%B8_%D0%BF%D0%BE%D0%BA%D0%BE%D0%B9%D0%BD%D0%BE%D0%B3%D0%BE_%D0%98%D0%B2%D0%B0%D0%BD%D0%B0_%D0%9F%D0%B5%D1%82%D1%80%D0%BE%D0%B2%D0%B8%D1%87%D0%B0_%D0%91%D0%B5%D0%BB%D0%BA%D0%B8%D0%BD%D0%B0_%28%D0%9F%D1%83%D1%88%D0%BA%D0%B8%D0%BD%29,https://ws-export.wmcloud.org/?format=epub-3&lang=ru&page=%D0%9F%D0%BE%D0%B2%D0%B5%D1%81%D1%82%D0%B8_%D0%BF%D0%BE%D0%BA%D0%BE%D0%B9%D0%BD%D0%BE%D0%B3%D0%BE_%D0%98%D0%B2%D0%B0%D0%BD%D0%B0_%D0%9F%D0%B5%D1%82%D1%80%D0%BE%D0%B2%D0%B8%D1%87%D0%B0_%D0%91%D0%B5%D0%BB%D0%BA%D0%B8%D0%BD%D0%B0_%28%D0%9F%D1%83%D1%88%D0%BA%D0%B8%D0%BD%29,https://www.youtube.com/watch?v=H8XZ3ISOGog,video,А.С. Пушкин «Повести покойного Ивана Петровича Белкина». Аудиокнига,2:24:21,,public domain in RU
61,Чехов А.П.,Человек в футляре,1898,story,chelovek-v-futlyare,4006,https://ru.wikisource.org/wiki/%D0%A7%D0%B5%D0%BB%D0%BE%D0%B2%D0%B5%D0%BA_%D0%B2_%D1%84%D1%83%D1%82%D0%BB%D1%8F%D1%80%D0%B5_%28%D0%A7%D0%B5%D1%85%D0%BE%D0%B2%29,https://ws-export.wmcloud.org/?format=epub-3&lang=ru&page=%D0%A7%D0%B5%D0%BB%D0%BE%D0%B2%D0%B5%D0%BA_%D0%B2_%D1%84%D1%83%D1%82%D0%BB%D1%8F%D1%80%D0%B5_%28%D0%A7%D0%B5%D1%85%D0%BE%D0%B2%29,https://www.youtube.com/watch?v=gmikuGMrPmA,video,Антон Павлович Чехов. Человек в футляре. аудиокнига,34:32,,public domain in RU
62,Грин А.С.,Алые паруса,1923,novella,alye-parusa,19817,https://ru.wikisource.org/wiki/%D0%90%D0%BB%D1%8B%D0%B5_%D0%BF%D0%B0%D1%80%D1%83%D1%81%D0%B0_%28%D0%93%D1%80%D0%B8%D0%BD%29,https://ws-export.wmcloud.org/?format=epub-3&lang=ru&page=%D0%90%D0%BB%D1%8B%D0%B5_%D0%BF%D0%B0%D1%80%D1%83%D1%81%D0%B0_%28%D0%93%D1%80%D0%B8%D0%BD%29,https://www.youtube.com/watch?v=VYQi1Bc2U14,video,«Алые паруса». А.С. Грин. Аудиокнига,2:23:38,,public domain in RU
63,Толстой Л.Н.,Детство,1852,novella,detstvo,29637,https://ru.wikisource.org/wiki/%D0%94%D0%B5%D1%82%D1%81%D1%82%D0%B2%D0%BE_%28%D0%A2%D0%BE%D0%BB%D1%81%D1%82%D0%BE%D0%B9%29,https://ws-export.wmcloud.org/?format=epub-3&lang=ru&page=%D0%94%D0%B5%D1%82%D1%81%D1%82%D0%B2%D0%BE_%28%D0%A2%D0%BE%D0%BB%D1%81%D1%82%D0%BE%D0%B9%29,https://www.youtube.com/watch?v=Q-7jWbYCp6w,video,Лев Николаевич Толстой. Детство. Аудиокнига,4:13:38,,public domain in RU
64,Шолохов М.А.,Судьба человека,1957,story,,,,,https://www.youtube.com/watch?v=Fi7j3oOGsyM,video,«Судьба человека». М. Шолохов. Читает Владимир Антоник,1:52:35,,in copyright — no free text source
65,Васильев Б.Л.,А зори здесь тихие…,1969,novella,,,,,https://www.youtube.com/watch?v=G3pGV4eD8fo,video,Борис Васильев — А зори здесь тихие…,4:50:15,,in copyright — no free text source
66,Ильф И. и Петров Е.,Золотой телёнок,1931,novel,zolotoy-telyonok,87264,https://ru.wikisource.org/wiki/%D0%97%D0%BE%D0%BB%D0%BE%D1%82%D0%BE%D0%B9_%D1%82%D0%B5%D0%BB%D1%91%D0%BD%D0%BE%D0%BA_%28%D0%98%D0%BB%D1%8C%D1%84_%D0%B8_%D0%9F%D0%B5%D1%82%D1%80%D0%BE%D0%B2%29,https://ws-export.wmcloud.org/?format=epub-3&lang=ru&page=%D0%97%D0%BE%D0%BB%D0%BE%D1%82%D0%BE%D0%B9_%D1%82%D0%B5%D0%BB%D1%91%D0%BD%D0%BE%D0%BA_%28%D0%98%D0%BB%D1%8C%D1%84_%D0%B8_%D0%9F%D0%B5%D1%82%D1%80%D0%BE%D0%B2%29,https://www.youtube.com/watch?v=7Jdcp5nNby8,video,"Золотой телёнок, аудиокнига. Ильф и Петров. Полная версия",11:55:00,,public domain in RU
67,Пушкин А.С.,Борис Годунов,1831,play,boris-godunov,11414,https://ru.wikisource.org/wiki/%D0%91%D0%BE%D1%80%D0%B8%D1%81_%D0%93%D0%BE%D0%B4%D1%83%D0%BD%D0%BE%D0%B2_%28%D0%9F%D1%83%D1%88%D0%BA%D0%B8%D0%BD%29,https://ws-export.wmcloud.org/?format=epub-3&lang=ru&page=%D0%91%D0%BE%D1%80%D0%B8%D1%81_%D0%93%D0%BE%D0%B4%D1%83%D0%BD%D0%BE%D0%B2_%28%D0%9F%D1%83%D1%88%D0%BA%D0%B8%D0%BD%29,https://www.youtube.com/watch?v=0IxG7eF3Etw,video,Александр Пушкин. Борис Годунов. Аудиокнига,1:43:55,,public domain in RU
68,Фонвизин Д.И.,Недоросль,1782,play,nedorosl,15966,https://ru.wikisource.org/wiki/%D0%9D%D0%B5%D0%B4%D0%BE%D1%80%D0%BE%D1%81%D0%BB%D1%8C_%28%D0%A4%D0%BE%D0%BD%D0%B2%D0%B8%D0%B7%D0%B8%D0%BD%29,https://ws-export.wmcloud.org/?format=epub-3&lang=ru&page=%D0%9D%D0%B5%D0%B4%D0%BE%D1%80%D0%BE%D1%81%D0%BB%D1%8C_%28%D0%A4%D0%BE%D0%BD%D0%B2%D0%B8%D0%B7%D0%B8%D0%BD%29,https://www.youtube.com/watch?v=sHTARGBrqGE,video,"Недоросль (1987). По пьесе Фонвизина, Малый театр",2:16:41,,public domain in RU
69,Гончаров И.А.,Обыкновенная история,1847,novel,obyknovennaya-istoriya,90802,https://ru.wikisource.org/wiki/%D0%9E%D0%B1%D1%8B%D0%BA%D0%BD%D0%BE%D0%B2%D0%B5%D0%BD%D0%BD%D0%B0%D1%8F_%D0%B8%D1%81%D1%82%D0%BE%D1%80%D0%B8%D1%8F_%28%D0%93%D0%BE%D0%BD%D1%87%D0%B0%D1%80%D0%BE%D0%B2%29,https://ws-export.wmcloud.org/?format=epub-3&lang=ru&page=%D0%9E%D0%B1%D1%8B%D0%BA%D0%BD%D0%BE%D0%B2%D0%B5%D0%BD%D0%BD%D0%B0%D1%8F_%D0%B8%D1%81%D1%82%D0%BE%D1%80%D0%B8%D1%8F_%28%D0%93%D0%BE%D0%BD%D1%87%D0%B0%D1%80%D0%BE%D0%B2%29,https://www.youtube.com/watch?v=_kHcQzcpfAo,video,"Иван Гончаров «Обыкновенная история» (полная аудиокнига, 1/2)",7:17:44,part 1 only; the rest is on the same channel,public domain in RU
70,Лесков Н.С.,Левша,1881,story,levsha,8927,https://ru.wikisource.org/wiki/%D0%9B%D0%B5%D0%B2%D1%88%D0%B0_%28%D0%9B%D0%B5%D1%81%D0%BA%D0%BE%D0%B2%29,https://ws-export.wmcloud.org/?format=epub-3&lang=ru&page=%D0%9B%D0%B5%D0%B2%D1%88%D0%B0_%28%D0%9B%D0%B5%D1%81%D0%BA%D0%BE%D0%B2%29,https://www.youtube.com/watch?v=74DBLogURFk,video,Николай Лесков. Левша. Аудиокнига,1:21:59,,public domain in RU
71,Достоевский Ф.М.,Униженные и оскорблённые,1861,novel,unizhennye-i-oskorblyonnye,118113,https://ru.wikisource.org/wiki/%D0%A3%D0%BD%D0%B8%D0%B6%D0%B5%D0%BD%D0%BD%D1%8B%D0%B5_%D0%B8_%D0%BE%D1%81%D0%BA%D0%BE%D1%80%D0%B1%D0%BB%D1%91%D0%BD%D0%BD%D1%8B%D0%B5_%28%D0%94%D0%BE%D1%81%D1%82%D0%BE%D0%B5%D0%B2%D1%81%D0%BA%D0%B8%D0%B9%29,https://ws-export.wmcloud.org/?format=epub-3&lang=ru&page=%D0%A3%D0%BD%D0%B8%D0%B6%D0%B5%D0%BD%D0%BD%D1%8B%D0%B5_%D0%B8_%D0%BE%D1%81%D0%BA%D0%BE%D1%80%D0%B1%D0%BB%D1%91%D0%BD%D0%BD%D1%8B%D0%B5_%28%D0%94%D0%BE%D1%81%D1%82%D0%BE%D0%B5%D0%B2%D1%81%D0%BA%D0%B8%D0%B9%29,https://www.youtube.com/watch?v=z0NxfsLzzkY,video,Униженные и оскорблённые. Достоевский Ф.М. (ч.2) аудиокнига,7:51:27,part 1 only; the rest is on the same channel,public domain in RU
72,Салтыков-Щедрин М.Е.,История одного города,1870,novel,istoriya-odnogo-goroda,55632,https://ru.wikisource.org/wiki/%D0%98%D1%81%D1%82%D0%BE%D1%80%D0%B8%D1%8F_%D0%BE%D0%B4%D0%BD%D0%BE%D0%B3%D0%BE_%D0%B3%D0%BE%D1%80%D0%BE%D0%B4%D0%B0_%28%D0%A1%D0%B0%D0%BB%D1%82%D1%8B%D0%BA%D0%BE%D0%B2-%D0%A9%D0%B5%D0%B4%D1%80%D0%B8%D0%BD%29,https://ws-export.wmcloud.org/?format=epub-3&lang=ru&page=%D0%98%D1%81%D1%82%D0%BE%D1%80%D0%B8%D1%8F_%D0%BE%D0%B4%D0%BD%D0%BE%D0%B3%D0%BE_%D0%B3%D0%BE%D1%80%D0%BE%D0%B4%D0%B0_%28%D0%A1%D0%B0%D0%BB%D1%82%D1%8B%D0%BA%D0%BE%D0%B2-%D0%A9%D0%B5%D0%B4%D1%80%D0%B8%D0%BD%29,https://www.youtube.com/watch?v=iA6BDtFQ3aE,video,Михаил Евграфович Салтыков-Щедрин. История одного города. Аудиокнига,9:53:05,,public domain in RU
73,Толстой Л.Н.,Хаджи-Мурат,1912,novella,khadzhi-murat,34523,https://ru.wikisource.org/wiki/%D0%A5%D0%B0%D0%B4%D0%B6%D0%B8-%D0%9C%D1%83%D1%80%D0%B0%D1%82_%28%D0%A2%D0%BE%D0%BB%D1%81%D1%82%D0%BE%D0%B9%29,https://ws-export.wmcloud.org/?format=epub-3&lang=ru&page=%D0%A5%D0%B0%D0%B4%D0%B6%D0%B8-%D0%9C%D1%83%D1%80%D0%B0%D1%82_%28%D0%A2%D0%BE%D0%BB%D1%81%D1%82%D0%BE%D0%B9%29,https://www.youtube.com/watch?v=lEBCIGUlkgc,video,Лев Николаевич Толстой. Хаджи-Мурат. аудиокнига,5:18:32,,public domain in RU
74,Тургенев И.С.,Дворянское гнездо,1859,novel,dvoryanskoe-gnezdo,46451,https://ru.wikisource.org/wiki/%D0%94%D0%B2%D0%BE%D1%80%D1%8F%D0%BD%D1%81%D0%BA%D0%BE%D0%B5_%D0%B3%D0%BD%D0%B5%D0%B7%D0%B4%D0%BE_%28%D0%A2%D1%83%D1%80%D0%B3%D0%B5%D0%BD%D0%B5%D0%B2%29,https://ws-export.wmcloud.org/?format=epub-3&lang=ru&page=%D0%94%D0%B2%D0%BE%D1%80%D1%8F%D0%BD%D1%81%D0%BA%D0%BE%D0%B5_%D0%B3%D0%BD%D0%B5%D0%B7%D0%B4%D0%BE_%28%D0%A2%D1%83%D1%80%D0%B3%D0%B5%D0%BD%D0%B5%D0%B2%29,https://www.youtube.com/watch?v=kFFUBoPLpDw,video,Иван Сергеевич Тургенев. Дворянское гнездо. аудиокнига,7:06:50,,public domain in RU
75,Карамзин Н.М.,Бедная Лиза,1792,story,bednaya-liza,5050,https://ru.wikisource.org/wiki/%D0%91%D0%B5%D0%B4%D0%BD%D0%B0%D1%8F_%D0%9B%D0%B8%D0%B7%D0%B0_%28%D0%9A%D0%B0%D1%80%D0%B0%D0%BC%D0%B7%D0%B8%D0%BD%29,https://ws-export.wmcloud.org/?format=epub-3&lang=ru&page=%D0%91%D0%B5%D0%B4%D0%BD%D0%B0%D1%8F_%D0%9B%D0%B8%D0%B7%D0%B0_%28%D0%9A%D0%B0%D1%80%D0%B0%D0%BC%D0%B7%D0%B8%D0%BD%29,https://www.youtube.com/watch?v=Lvq6lFrG7cA,video,Аудиокнига. Карамзин Николай Михайлович. «Бедная Лиза»,55:36,,public domain in RU
76,Радищев А.Н.,Путешествие из Петербурга в Москву,1790,prose,puteshestvie-iz-peterburga-v-moskvu,50977,https://ru.wikisource.org/wiki/%D0%9F%D1%83%D1%82%D0%B5%D1%88%D0%B5%D1%81%D1%82%D0%B2%D0%B8%D0%B5_%D0%B8%D0%B7_%D0%9F%D0%B5%D1%82%D0%B5%D1%80%D0%B1%D1%83%D1%80%D0%B3%D0%B0_%D0%B2_%D0%9C%D0%BE%D1%81%D0%BA%D0%B2%D1%83_%28%D0%A0%D0%B0%D0%B4%D0%B8%D1%89%D0%B5%D0%B2%29,https://ws-export.wmcloud.org/?format=epub-3&lang=ru&page=%D0%9F%D1%83%D1%82%D0%B5%D1%88%D0%B5%D1%81%D1%82%D0%B2%D0%B8%D0%B5_%D0%B8%D0%B7_%D0%9F%D0%B5%D1%82%D0%B5%D1%80%D0%B1%D1%83%D1%80%D0%B3%D0%B0_%D0%B2_%D0%9C%D0%BE%D1%81%D0%BA%D0%B2%D1%83_%28%D0%A0%D0%B0%D0%B4%D0%B8%D1%89%D0%B5%D0%B2%29,https://www.youtube.com/watch?v=fIjx1zwYkho,video,Александр Радищев «Путешествие из Петербурга в Москву»,8:01:11,,public domain in RU
77,Пушкин А.С.,Руслан и Людмила,1820,poem,ruslan-i-lyudmila,11377,https://ru.wikisource.org/wiki/%D0%A0%D1%83%D1%81%D0%BB%D0%B0%D0%BD_%D0%B8_%D0%9B%D1%8E%D0%B4%D0%BC%D0%B8%D0%BB%D0%B0_%28%D0%9F%D1%83%D1%88%D0%BA%D0%B8%D0%BD%29,https://ws-export.wmcloud.org/?format=epub-3&lang=ru&page=%D0%A0%D1%83%D1%81%D0%BB%D0%B0%D0%BD_%D0%B8_%D0%9B%D1%8E%D0%B4%D0%BC%D0%B8%D0%BB%D0%B0_%28%D0%9F%D1%83%D1%88%D0%BA%D0%B8%D0%BD%29,https://www.youtube.com/watch?v=2o2tFvCBt0M,video,А.С. Пушкин «Руслан и Людмила». Читает Александр Клюквин,2:18:08,,public domain in RU
78,Горький М.,Старуха Изергиль,1895,story,starukha-izergil,6916,https://ru.wikisource.org/wiki/%D0%A1%D1%82%D0%B0%D1%80%D1%83%D1%85%D0%B0_%D0%98%D0%B7%D0%B5%D1%80%D0%B3%D0%B8%D0%BB%D1%8C_%28%D0%93%D0%BE%D1%80%D1%8C%D0%BA%D0%B8%D0%B9%29,https://ws-export.wmcloud.org/?format=epub-3&lang=ru&page=%D0%A1%D1%82%D0%B0%D1%80%D1%83%D1%85%D0%B0_%D0%98%D0%B7%D0%B5%D1%80%D0%B3%D0%B8%D0%BB%D1%8C_%28%D0%93%D0%BE%D1%80%D1%8C%D0%BA%D0%B8%D0%B9%29,https://www.youtube.com/watch?v=E-lYk1nIA5s,video,Максим Горький — Старуха Изергиль — аудиокнига,1:18:46,,public domain in RU
79,Куприн А.И.,Поединок,1905,novel,poedinok,65790,https://ru.wikisource.org/wiki/%D0%9F%D0%BE%D0%B5%D0%B4%D0%B8%D0%BD%D0%BE%D0%BA_%28%D0%9A%D1%83%D0%BF%D1%80%D0%B8%D0%BD%29,https://ws-export.wmcloud.org/?format=epub-3&lang=ru&page=%D0%9F%D0%BE%D0%B5%D0%B4%D0%B8%D0%BD%D0%BE%D0%BA_%28%D0%9A%D1%83%D0%BF%D1%80%D0%B8%D0%BD%29,https://www.youtube.com/watch?v=BneXWmFbzug,video,Александр Иванович Куприн. Поединок. аудиокнига,10:01:10,,public domain in RU
80,Бунин И.А.,Лёгкое дыхание,1916,story,legkoe-dykhanie,1657,https://ru.wikisource.org/wiki/%D0%9B%D1%91%D0%B3%D0%BA%D0%BE%D0%B5_%D0%B4%D1%8B%D1%85%D0%B0%D0%BD%D0%B8%D0%B5_%28%D0%91%D1%83%D0%BD%D0%B8%D0%BD%29,https://ws-export.wmcloud.org/?format=epub-3&lang=ru&page=%D0%9B%D1%91%D0%B3%D0%BA%D0%BE%D0%B5_%D0%B4%D1%8B%D1%85%D0%B0%D0%BD%D0%B8%D0%B5_%28%D0%91%D1%83%D0%BD%D0%B8%D0%BD%29,https://www.youtube.com/watch?v=g2SlVPnTPO8,video,Лёгкое дыхание. Рассказ. Бунин. Аудиокниги,14:18,,public domain in RU
81,Платонов А.П.,Котлован,1930,novella,,,,,https://www.youtube.com/watch?v=aWPGTgf28h4,video,Котлован. Андрей Платонов,4:22:13,,in copyright — no free text source
82,Стругацкие А. и Б.,Пикник на обочине,1972,novel,,,,,https://www.youtube.com/watch?v=Ix_X_U7aGUc,video,"Пикник на обочине. Аркадий и Борис Стругацкие. Радиоспектакль, 1990",4:16:39,,in copyright — no free text source
83,Ерофеев В.В.,Москва — Петушки,1970,novella,moskva-petushki,33423,,,https://www.youtube.com/watch?v=ixHuNttMYzA,video,Венедикт Ерофеев «Москва — Петушки». Читает Сергей Шнуров,4:19:03,,in copyright — no free text source
84,Толстой А.Н.,Пётр Первый,1945,novel,,,https://ru.wikisource.org/wiki/%D0%9F%D1%91%D1%82%D1%80_I_%28%D0%A2%D0%BE%D0%BB%D1%81%D1%82%D0%BE%D0%B9%29,https://ws-export.wmcloud.org/?format=epub-3&lang=ru&page=%D0%9F%D1%91%D1%82%D1%80_I_%28%D0%A2%D0%BE%D0%BB%D1%81%D1%82%D0%BE%D0%B9%29,https://www.youtube.com/playlist?list=PL7TrsfRKwyFdtVhtVj3DmSGH6rzkz2haE,playlist,"Алексей Толстой. Пётр Первый, часть 2",3:34:13,no single full upload found — playlist covers the whole book,public domain in RU
85,Лесков Н.С.,Очарованный странник,1873,novella,ocharovannyy-strannik,41338,https://ru.wikisource.org/wiki/%D0%9E%D1%87%D0%B0%D1%80%D0%BE%D0%B2%D0%B0%D0%BD%D0%BD%D1%8B%D0%B9_%D1%81%D1%82%D1%80%D0%B0%D0%BD%D0%BD%D0%B8%D0%BA_%28%D0%9B%D0%B5%D1%81%D0%BA%D0%BE%D0%B2%29,https://ws-export.wmcloud.org/?format=epub-3&lang=ru&page=%D0%9E%D1%87%D0%B0%D1%80%D0%BE%D0%B2%D0%B0%D0%BD%D0%BD%D1%8B%D0%B9_%D1%81%D1%82%D1%80%D0%B0%D0%BD%D0%BD%D0%B8%D0%BA_%28%D0%9B%D0%B5%D1%81%D0%BA%D0%BE%D0%B2%29,https://www.youtube.com/watch?v=9m4gzGuImOQ,video,Повесть «Очарованный странник». Н.С. Лесков,5:53:48,,public domain in RU
86,Островский А.Н.,Бесприданница,1878,play,bespridannitsa,36235,https://ru.wikisource.org/wiki/%D0%91%D0%B5%D1%81%D0%BF%D1%80%D0%B8%D0%B4%D0%B0%D0%BD%D0%BD%D0%B8%D1%86%D0%B0_%28%D0%9E%D1%81%D1%82%D1%80%D0%BE%D0%B2%D1%81%D0%BA%D0%B8%D0%B9%29,https://ws-export.wmcloud.org/?format=epub-3&lang=ru&page=%D0%91%D0%B5%D1%81%D0%BF%D1%80%D0%B8%D0%B4%D0%B0%D0%BD%D0%BD%D0%B8%D1%86%D0%B0_%28%D0%9E%D1%81%D1%82%D1%80%D0%BE%D0%B2%D1%81%D0%BA%D0%B8%D0%B9%29,https://www.youtube.com/watch?v=y6b4l0xFEkk,video,Бесприданница. Аудиокнига. Александр Островский,3:05:45,,public domain in RU
87,Чехов А.П.,Ванька,1886,story,vanka,1156,https://ru.wikisource.org/wiki/%D0%92%D0%B0%D0%BD%D1%8C%D0%BA%D0%B0_%28%D0%A7%D0%B5%D1%85%D0%BE%D0%B2%2C_1886%29,https://ws-export.wmcloud.org/?format=epub-3&lang=ru&page=%D0%92%D0%B0%D0%BD%D1%8C%D0%BA%D0%B0_%28%D0%A7%D0%B5%D1%85%D0%BE%D0%B2%2C_1886%29,https://www.youtube.com/watch?v=IKKXLmrojWU,video,Ванька. А.П. Чехов. (Полная версия) Аудиокнига,12:11,,public domain in RU
88,Сологуб Ф.К.,Мелкий бес,1907,novel,melkiy-bes,78828,https://ru.wikisource.org/wiki/%D0%9C%D0%B5%D0%BB%D0%BA%D0%B8%D0%B9_%D0%B1%D0%B5%D1%81_%28%D0%A1%D0%BE%D0%BB%D0%BE%D0%B3%D1%83%D0%B1%29,https://ws-export.wmcloud.org/?format=epub-3&lang=ru&page=%D0%9C%D0%B5%D0%BB%D0%BA%D0%B8%D0%B9_%D0%B1%D0%B5%D1%81_%28%D0%A1%D0%BE%D0%BB%D0%BE%D0%B3%D1%83%D0%B1%29,https://www.youtube.com/playlist?list=PLQMl76KwLiCfKIDgbKQNWsKxpBc4Ebn7j,playlist,Мелкий бес — Фёдор Сологуб — аудиоспектакль,2:06:31,no single full upload found — playlist covers the whole book,public domain in RU
89,Гайдар А.П.,Тимур и его команда,1940,novella,timur-i-ego-komanda,17159,https://ru.wikisource.org/wiki/%D0%A2%D0%B8%D0%BC%D1%83%D1%80_%D0%B8_%D0%B5%D0%B3%D0%BE_%D0%BA%D0%BE%D0%BC%D0%B0%D0%BD%D0%B4%D0%B0_%28%D0%93%D0%B0%D0%B9%D0%B4%D0%B0%D1%80%29,https://ws-export.wmcloud.org/?format=epub-3&lang=ru&page=%D0%A2%D0%B8%D0%BC%D1%83%D1%80_%D0%B8_%D0%B5%D0%B3%D0%BE_%D0%BA%D0%BE%D0%BC%D0%B0%D0%BD%D0%B4%D0%B0_%28%D0%93%D0%B0%D0%B9%D0%B4%D0%B0%D1%80%29,https://www.youtube.com/watch?v=49I21TfTrzo,video,Аудиокнига: Тимур и его команда. Гайдар,2:36:51,,public domain in RU
90,Фадеев А.А.,Молодая гвардия,1946,novel,,,,,https://www.youtube.com/watch?v=RLBXtvbvHlo,video,Александр Фадеев — Молодая гвардия / 1 из 4 / Моноспектакль,7:13:33,part 1 only; the rest is on the same channel,in copyright — no free text source
91,Андреев Л.Н.,Рассказ о семи повешенных,1908,novella,rasskaz-o-semi-poveshennykh,20704,https://ru.wikisource.org/wiki/%D0%A0%D0%B0%D1%81%D1%81%D0%BA%D0%B0%D0%B7_%D0%BE_%D1%81%D0%B5%D0%BC%D0%B8_%D0%BF%D0%BE%D0%B2%D0%B5%D1%88%D0%B5%D0%BD%D0%BD%D1%8B%D1%85_%28%D0%90%D0%BD%D0%B4%D1%80%D0%B5%D0%B5%D0%B2%29,https://ws-export.wmcloud.org/?format=epub-3&lang=ru&page=%D0%A0%D0%B0%D1%81%D1%81%D0%BA%D0%B0%D0%B7_%D0%BE_%D1%81%D0%B5%D0%BC%D0%B8_%D0%BF%D0%BE%D0%B2%D0%B5%D1%88%D0%B5%D0%BD%D0%BD%D1%8B%D1%85_%28%D0%90%D0%BD%D0%B4%D1%80%D0%B5%D0%B5%D0%B2%29,https://www.youtube.com/watch?v=bOJjOiUNWs4,video,Леонид Андреев «Рассказ о семи повешенных». Читает Глеб Логинов,1:24:07,,public domain in RU
92,Аксаков С.Т.,Аленький цветочек,1858,tale,alenkiy-tsvetochek,6854,https://ru.wikisource.org/wiki/%D0%90%D0%BB%D0%B5%D0%BD%D1%8C%D0%BA%D0%B8%D0%B9_%D1%86%D0%B2%D0%B5%D1%82%D0%BE%D1%87%D0%B5%D0%BA_%28%D0%90%D0%BA%D1%81%D0%B0%D0%BA%D0%BE%D0%B2%29,https://ws-export.wmcloud.org/?format=epub-3&lang=ru&page=%D0%90%D0%BB%D0%B5%D0%BD%D1%8C%D0%BA%D0%B8%D0%B9_%D1%86%D0%B2%D0%B5%D1%82%D0%BE%D1%87%D0%B5%D0%BA_%28%D0%90%D0%BA%D1%81%D0%B0%D0%BA%D0%BE%D0%B2%29,https://www.youtube.com/watch?v=x-LknVMHRtM,video,Аленький цветочек. (Полная версия) Аудиосказка. Аксаков,1:07:55,,public domain in RU
93,Ершов П.П.,Конёк-Горбунок,1834,poem,konyok-gorbunok,9931,https://ru.wikisource.org/wiki/%D0%9A%D0%BE%D0%BD%D1%91%D0%BA-%D0%B3%D0%BE%D1%80%D0%B1%D1%83%D0%BD%D0%BE%D0%BA_%28%D0%95%D1%80%D1%88%D0%BE%D0%B2%29,https://ws-export.wmcloud.org/?format=epub-3&lang=ru&page=%D0%9A%D0%BE%D0%BD%D1%91%D0%BA-%D0%B3%D0%BE%D1%80%D0%B1%D1%83%D0%BD%D0%BE%D0%BA_%28%D0%95%D1%80%D1%88%D0%BE%D0%B2%29,https://www.youtube.com/watch?v=HvsfnghlsB4,video,П. Ершов. Конёк-Горбунок. Читает Олег Табаков,1:39:23,,public domain in RU
94,Крылов И.А.,Басни,1825,fables,,,https://ru.wikisource.org/wiki/%D0%91%D0%B0%D1%81%D0%BD%D0%B8_%28%D0%9A%D1%80%D1%8B%D0%BB%D0%BE%D0%B2%29,https://ws-export.wmcloud.org/?format=epub-3&lang=ru&page=%D0%91%D0%B0%D1%81%D0%BD%D0%B8_%28%D0%9A%D1%80%D1%8B%D0%BB%D0%BE%D0%B2%29,https://www.youtube.com/watch?v=uFxrpI26Qu4,video,Иван Крылов — Все басни (аудиокнига),6:52:28,,public domain in RU
95,Волков А.М.,Волшебник Изумрудного города,1939,novella,,,,,https://www.youtube.com/watch?v=YDJqsJj8pjQ,video,А. Волков «Волшебник Изумрудного города». Читает Алексей Борзунов,5:44:16,,in copyright — no free text source
96,Блок А.А.,Двенадцать,1918,poem,blok-dvenadtsat,1104,https://ru.wikisource.org/wiki/%D0%94%D0%B2%D0%B5%D0%BD%D0%B0%D0%B4%D1%86%D0%B0%D1%82%D1%8C_%28%D0%91%D0%BB%D0%BE%D0%BA%29,https://ws-export.wmcloud.org/?format=epub-3&lang=ru&page=%D0%94%D0%B2%D0%B5%D0%BD%D0%B0%D0%B4%D1%86%D0%B0%D1%82%D1%8C_%28%D0%91%D0%BB%D0%BE%D0%BA%29,https://www.youtube.com/watch?v=dZTv7nh_R7s,video,А. Блок. Поэма «Двенадцать». Читает С. Юрский,19:53,,public domain in RU
97,Ахматова А.А.,Реквием,1963,poem,,,,,https://www.youtube.com/watch?v=86fqRZ-Epzo,video,Анна Ахматова — Реквием (поэма),14:37,,in copyright — no free text source
98,Айтматов Ч.,Белый пароход,1970,novella,,,,,https://www.youtube.com/watch?v=z-eCLHYO45M,video,"Белый пароход. Аудиокнига. Чингиз Айтматов, читает Павел Беседин",5:07:42,,in copyright — no free text source
99,Распутин В.Г.,Прощание с Матёрой,1976,novella,,,,,https://www.youtube.com/watch?v=6ryQ-jKsYk4,video,В. Распутин «Прощание с Матёрой»,8:54:24,,in copyright — no free text source
100,Довлатов С.Д.,Чемодан,1986,stories,,,,,https://www.youtube.com/watch?v=ZE9diIUdBOQ,video,С. Довлатов «Чемодан». Аудиокнига,3:07:33,,in copyright — no free text source
