priority,book,slug,video_url,chapters,chapters_off_pace,book_pace_wpm,worst_chapter,worst_off_pace_pct,assigned_to,status
FIX,Герой нашего времени,geroy-nashego-vremeni,https://youtu.be/aA87bXjXt60,7,1,108,0,+299,,not started
FIX,Жизнь Василия Фивейского,zhizn-vasiliya-fiveyskogo,https://youtu.be/ORRu81GTCUM,11,3,100,1,+285,,not started
FIX,Отцы и дети,ottsy-i-deti,https://youtu.be/0rA3zDZvy4M,28,4,110,2,+232,,not started
FIX,Поликушка,polikushka,https://youtu.be/ofRpAAHHkLU,15,9,102,1,+199,,not started
FIX,Казаки,kazaki,https://youtu.be/iyPsxqSj-zQ,42,12,116,31,+146,,not started
FIX,Кавказский пленник,kavkazskiy-plennik,https://youtu.be/wYUfDsgWb_4,4,1,110,3,+123,,not started
FIX,Вечный муж,vechnyy-muzh,https://youtu.be/Ozls9E3_3pk,17,1,122,16,+97,,not started
FIX,Гроза (спектакль),groza-spektakl,https://youtu.be/fdNthke_Enw,5,3,89,4,+81,,not started
FIX,Палата № 6,palata-6,https://youtu.be/ev7W9zrO-SI,19,5,113,14,+71,,not started
FIX,Дьявол,dyavol,https://youtu.be/zAqYP1qDPLA,23,5,108,2,+64,,not started
FIX,"Учение Христа, изложенное для детей",uchenie-khrista-izlozhennoe-dlya-detey,https://youtu.be/fCz4aRA10g0,9,1,150,8,-53,,not started
FIX,Власть тьмы (спектакль),vlast-tmy-spektakl,https://youtu.be/c6CRrtUF4Nw,5,3,105,3,+52,,not started
FIX,Мелкий бес,melkiy-bes,https://youtu.be/3CIe0i5_fXs,78,19,115,54,+137,,not started
FIX,Дядюшкин сон,dyadyushkin-son,https://youtu.be/Q3SXgeVah0k,15,4,114,10,+46,,not started
FIX,Чайка,chayka,https://youtu.be/Cf8HIMJG3yQ,4,1,113,0,-45,,not started
FIX,Отрочество,otrochestvo,https://youtu.be/n3Wsnd8h9_s,27,4,118,16,-42,,not started
FIX,Братья Карамазовы,bratya-karamazovy,https://youtu.be/U5blK3O_Ivs,98,6,99,15,+41,,not started
FIX,Библия. Синодальный перевод,bibliya-sinodalnyy-perevod,https://youtu.be/C8HHcfTHq38,276,9,146,186,-38,,not started
CHECK,Яма,yama,https://youtu.be/JnsE7Acq8lo,39,2,104,15,+29,,not started
CHECK,Красный смех,krasnyy-smekh,https://youtu.be/Io5The4PKHE,19,4,111,6,-60,,not started
CHECK,Юность,yunost,https://youtu.be/BOIXjt-_2UI,45,4,115,8,-27,,not started
CHECK,Тарас Бульба,taras-bulba,https://youtu.be/CJMvJ8av-fk,12,2,113,2,+26,,not started
CHECK,На дне (спектакль),na-dne-spektakl,https://youtu.be/uO_GRxCPbu0,4,1,98,3,+25,,not started
CHECK,Накануне,nakanune,https://youtu.be/ttJEPOe0ndw,35,4,118,9,-25,,not started
CHECK,Новь,nov,https://youtu.be/Sdxmls9hcL0,29,5,118,8,+24,,not started
CHECK,Мать,mat,https://youtu.be/yhzpV9H4dPM,58,1,127,13,+21,,not started
CHECK,Белые ночи,belye-nochi,https://youtu.be/hwSBw4BZJeo,5,1,131,5,-19,,not started
CHECK,Вишнёвый сад (спектакль),vishnevyy-sad-spektakl,https://youtu.be/eCFnvdfRzDY,4,1,80,1,-18,,not started
CHECK,Крейцерова соната,kreytserova-sonata,https://youtu.be/7TY6XFtFSOQ,29,1,111,0,-17,,not started
CHECK,Мёртвые души,myortvye-dushi,https://youtu.be/yx-95Wr-P5U,11,1,113,0,+16,,not started
CHECK,Дым,dym,https://youtu.be/ypv0CvWL3Kk,12,1,111,2,-16,,not started
CHECK,Мужики,muzhiki,https://youtu.be/8q0TTfdCnlU,9,1,124,8,-15,,not started
