severity,issue,book,slug,video_url,chapter,section,current_start,current_end,words,minutes,words_per_min,what_is_wrong,suggested_new_time,confirmed,new_start_sec,new_end_sec,notes
CERTAIN,segment,Мелкий бес,melkiy-bes,https://youtu.be/iPcr6aHcHok,54,Глава 55,0:16:08,0:16:17,38,0.1,253,this segment is far too SHORT for its text - 38 words cannot be read in 0.1 min,,,,,
CERTAIN,segment,Мелкий бес,melkiy-bes,https://youtu.be/lbfC12IYG_A,72,Глава 73,0:12:06,0:12:23,68,0.3,240,this segment is far too SHORT for its text - 68 words cannot be read in 0.3 min,,,,,
CERTAIN,segment,Мелкий бес,melkiy-bes,https://youtu.be/kcTW4djMqYY,77,Глава 78,0:18:01,0:18:33,26,0.5,49,this segment is far too LONG for its text - only 26 words across 0.5 min,,,,,
LIKELY,boundary,Мелкий бес,melkiy-bes,https://youtu.be/LkTZn10yuoQ,69|70,Глава 70,0:23:10,,,,,"the end of ch69 / start of ch70 looks misplaced: ch69 runs slow, ch70 runs fast",0:22:27 (-43s),,,,
LIKELY,boundary,Мелкий бес,melkiy-bes,https://youtu.be/kcTW4djMqYY,76|77,Глава 77,0:18:01,,,,,"the end of ch76 / start of ch77 looks misplaced: ch76 runs fast, ch77 runs slow",0:18:19 (+18s),,,,
LIKELY,boundary,Мелкий бес,melkiy-bes,https://youtu.be/kcTW4djMqYY,77|78,Глава 78,0:18:33,,,,,"the end of ch77 / start of ch78 looks misplaced: ch77 runs slow, ch78 runs fast",0:18:15 (-18s),,,,
LIKELY,boundary,Мелкий бес,melkiy-bes,https://youtu.be/qJYarqlaYr8,81|82,Глава 82,0:14:34,,,,,"the end of ch81 / start of ch82 looks misplaced: ch81 runs slow, ch82 runs fast",0:13:50 (-44s),,,,
CERTAIN,segment,Красный смех,krasnyy-smekh,https://youtu.be/Io5The4PKHE,6,Глава 7,1:12:58,1:13:55,42,0.9,44,this segment is far too LONG for its text - only 42 words across 0.9 min,,,,,
CERTAIN,segment,Красный смех,krasnyy-smekh,https://youtu.be/Io5The4PKHE,16,Глава 16,2:21:19,2:21:29,8,0.2,48,this segment is far too LONG for its text - only 8 words across 0.2 min,,,,,
LIKELY,boundary,Красный смех,krasnyy-smekh,https://youtu.be/Io5The4PKHE,0|1,Глава 1,0:14:06,,,,,"the end of ch0 / start of ch1 looks misplaced: ch0 runs slow, ch1 runs fast",0:11:44 (-142s),,,,
LIKELY,boundary,Красный смех,krasnyy-smekh,https://youtu.be/Io5The4PKHE,10|11,Глава 11,1:47:11,,,,,"the end of ch10 / start of ch11 looks misplaced: ch10 runs fast, ch11 runs slow",1:47:47 (+36s),,,,
LIKELY,boundary,Красный смех,krasnyy-smekh,https://youtu.be/Io5The4PKHE,11|12,Глава 12,1:52:45,,,,,"the end of ch11 / start of ch12 looks misplaced: ch11 runs slow, ch12 runs fast",1:52:12 (-33s),,,,
CERTAIN,segment,Поликушка,polikushka,https://youtu.be/ofRpAAHHkLU,1,Глава 2,0:17:47,0:21:59,1266,4.2,301,this segment is far too SHORT for its text - 1266 words cannot be read in 4.2 min,,,,,
CERTAIN,segment,Поликушка,polikushka,https://youtu.be/ofRpAAHHkLU,9,Глава 10,1:31:45,1:36:23,1158,4.6,250,this segment is far too SHORT for its text - 1158 words cannot be read in 4.6 min,,,,,
CERTAIN,segment,Казаки,kazaki,https://youtu.be/iyPsxqSj-zQ,31,Глава 32,5:37:11,5:40:11,833,3.0,278,this segment is far too SHORT for its text - 833 words cannot be read in 3.0 min,,,,,
LIKELY,boundary,Казаки,kazaki,https://youtu.be/iyPsxqSj-zQ,14|15,Глава 15,2:56:31,,,,,"the end of ch14 / start of ch15 looks misplaced: ch14 runs slow, ch15 runs fast",2:52:42 (-229s),,,,
LIKELY,boundary,Казаки,kazaki,https://youtu.be/iyPsxqSj-zQ,30|31,Глава 31,5:37:11,,,,,"the end of ch30 / start of ch31 looks misplaced: ch30 runs slow, ch31 runs fast",5:33:09 (-242s),,,,
CERTAIN,segment,Отцы и дети,ottsy-i-deti,https://youtu.be/0rA3zDZvy4M,2,Глава 3,0:13:48,0:17:53,1378,4.1,337,this segment is far too SHORT for its text - 1378 words cannot be read in 4.1 min,,,,,
LIKELY,boundary,Отцы и дети,ottsy-i-deti,https://youtu.be/0rA3zDZvy4M,10|11,Глава 11,2:16:53,,,,,"the end of ch10 / start of ch11 looks misplaced: ch10 runs slow, ch11 runs fast",2:13:20 (-213s),,,,
CERTAIN,segment,Вечный муж,vechnyy-muzh,https://youtu.be/Ozls9E3_3pk,16,Глава 17,5:41:53,5:52:00,2353,10.1,233,this segment is far too SHORT for its text - 2353 words cannot be read in 10.1 min,,,,,
CERTAIN,segment,Герой нашего времени,geroy-nashego-vremeni,https://youtu.be/aA87bXjXt60,0,Глава 1,0:00:58,0:01:55,408,0.9,429,this segment is far too SHORT for its text - 408 words cannot be read in 0.9 min,,,,,
CERTAIN,segment,Жизнь Василия Фивейского,zhizn-vasiliya-fiveyskogo,https://youtu.be/ORRu81GTCUM,1,Глава 2,0:12:13,0:16:16,1528,4.0,377,this segment is far too SHORT for its text - 1528 words cannot be read in 4.0 min,,,,,
CERTAIN,segment,Сон Макара,son-makara,https://youtu.be/7UXUmERV8dU,0,Глава 1,0:00:09,0:00:17,2,0.1,15,this segment is far too LONG for its text - only 2 words across 0.1 min,,,,,
CERTAIN,segment,Кавказский пленник,kavkazskiy-plennik,https://youtu.be/wYUfDsgWb_4,3,Глава 4,0:28:48,0:31:14,588,2.4,242,this segment is far too SHORT for its text - 588 words cannot be read in 2.4 min,,,,,
LIKELY,boundary,Дядюшкин сон,dyadyushkin-son,https://youtu.be/Q3SXgeVah0k,1|2,Глава 2,0:30:49,,,,,"the end of ch1 / start of ch2 looks misplaced: ch1 runs slow, ch2 runs fast",0:25:18 (-331s),,,,
LIKELY,boundary,Дядюшкин сон,dyadyushkin-son,https://youtu.be/Q3SXgeVah0k,9|10,Глава 10,4:10:07,,,,,"the end of ch9 / start of ch10 looks misplaced: ch9 runs slow, ch10 runs fast",4:03:20 (-407s),,,,
LIKELY,boundary,Отрочество,otrochestvo,https://youtu.be/n3Wsnd8h9_s,11|12,Глава 12,1:38:53,,,,,"the end of ch11 / start of ch12 looks misplaced: ch11 runs slow, ch12 runs fast",1:37:36 (-77s),,,,
LIKELY,boundary,Отрочество,otrochestvo,https://youtu.be/n3Wsnd8h9_s,16|17,Глава 17,2:18:18,,,,,"the end of ch16 / start of ch17 looks misplaced: ch16 runs slow, ch17 runs fast",2:15:00 (-198s),,,,
LIKELY,boundary,Братья Карамазовы,bratya-karamazovy,https://youtu.be/U5blK3O_Ivs,15|16,ЧАСТЬ ПЕРВАЯ — КНИГА ТРЕТЬЯ — II Лизавета смердящая,5:53:58,,,,,"the end of ch15 / start of ch16 looks misplaced: ch15 runs fast, ch16 runs slow",5:59:33 (+335s),,,,
LIKELY,boundary,Братья Карамазовы,bratya-karamazovy,https://youtu.be/mBgLa4lcLPU,65|66,ЧАСТЬ ТРЕТЬЯ — КНИГА ДЕВЯТАЯ — V Третье мытарство,2:10:26,,,,,"the end of ch65 / start of ch66 looks misplaced: ch65 runs fast, ch66 runs slow",2:17:42 (+436s),,,,
LIKELY,boundary,Юность,yunost,https://youtu.be/BOIXjt-_2UI,8|9,Глава 9,1:02:54,,,,,"the end of ch8 / start of ch9 looks misplaced: ch8 runs slow, ch9 runs fast",1:00:44 (-130s),,,,
LIKELY,boundary,Мать,mat,https://youtu.be/yhzpV9H4dPM,12|13,Часть первая — XIII,2:19:51,,,,,"the end of ch12 / start of ch13 looks misplaced: ch12 runs slow, ch13 runs fast",2:18:26 (-85s),,,,
